molA,molB,xe,Te
BF3,N2O,76.6,-138.0
BF3,SO2,95.2,-128.6
BCl3,GeCl4,76,-116.0
BCl3,PCl3,94,-110.0
BCl3,PCl3,20,-99.0
BF3,SO2,38,-97.1
TiCl4,VOCl3,29,-95.0
PCl3,TeCl4,100,-91.0
TiCl4,VOCl3,18,-88.0
TiCl4,VOCl3,18.6,-88.0
VCl4,VOCl3,27.8,-86.5
NH3,NaBH4,94.7,-84.0
CO(NH2)2,NH3,1.8,-81.5
POCl3,VOCl3,3,-80.8
BBr3,SiCl4,26.4,-80.0
NH3,NH4Br(NH3)4,93,-80.0
NH3,NH4NO3,96,-79.5
KNH2,NH3,99,-78.8
BBr3,GeCl4,40,-74.0
POCl3,SiCl4,4,-71.8
SiCl4,WCl6,100,-70.0
SiCl4,TeCl4,99,-68.0
BBr3,SiBr4,76,-57.5
AsBr3,S2Br2,13.5,-56.0
AsBr5,BBr3,5.8,-54.1
GaCl3,GeCl4,7,-54.0
BBr3,GeBr4,80.9,-53.0
BBr3,SnBr4,81.7,-52.5
GeCl4,SnCl4,91,-51.3
GeCl4,TiCl4,96.7,-50.8
Si2OCl6,TiCl4,42,-50.0
PBr3,SnBr4,84,-50.0
CsF,HF,17.2,-49.5
SbCl5,TiCl4,35,-47.5
S2Br2,SnBr4,95.5,-47.5
AlBr3,BBr3,5.24,-46.1
POCl3,SnCl4,5,-33.8
SnCl4,WCl6,100,-32.0
AsBr3,Br2,34,-31.5
AsCl3,SbCl3,97,-30.0
NH3,NaBH4,69,-28.0
NH3,NaBH4,56.6,-25.1
GaCl3,TiCl4,10,-25.0
CCl4,GaCl3,92,-24.0
TiCl4,WCl6,100,-23.0
Ba(BH4)2,N2H4,13,-22.0
Br2,N2O4,17,-18.0
GeBr4,POCl3,36,-16.0
AsCl3,TeCl4,100,-16.0
Br2,SbBr3,81.8,-15.5
AlBr3,Br2,21.4,-13.5
POCl3,ReOCl4,97,-10.0
GaCl3,SbCl5,18,-4.0
GaCl3,POCl3,10,-3.8
BeCl2,POCl3,2.5,-3.0
NbCl5,POCl3,4,-2.4
POCl3,TiCl4,3,-0.6
POCl3,TeCl4,99,-0.1
POCl3,WCl6,100,1.0
GaCl3,POCl3,70,1.5
SbCl5,WCl6,100,2.0
POCl3,TeCl4,98,3.0
AsBr3,SnBr4,45,3.5
ICl,TeCl4,80,10.0
ICl,TaCl5,80,10.0
MoF6,UF6,78,13.7
SO3,SeO3,99.97,15.0
POCl3,ReOCl4,20,16.0
ICl,SeCl4,80,16.0
CsF,HF,29.1,16.9
H2O,KF,78,17.0
AlBr3,SnBr4,23,20.0
AlBr3,SnBr4,26,20.0
ICl,NbCl5,92,21.0
AsBr3,PBr5,82.5,23.5
AlBr3,AsBr3,26,25.5
SbBr3,SnBr4,6,27.0
AlBr3,AsBr3,26,28.0
FeCl3,ReOCl4,0,29.0
ReCl5,ReOCl4,0,29.0
ReOCl4,TaCl5,100,29.0
NbCl5,ReOCl4,0,29.0
AlCl3,ReOCl4,0,29.0
MoOCl4,ReOCl4,0,29.0
H2O,LiNO3,73.7,29.0
GaCl3,SeCl4,79,30.0
GaCl3,ZnCl2,68,30.0
GaCl3,PCl5,70,30.0
XeF2,XeF6,5,30.0
BiI3,SiI4,70,33.8
CaF,HF,36.1,38.3
SbCl3,SbI3,81.8,41.5
RbCl,SbCl3,15,44.0
Ba(BH4)2,N2H4,41.9,44.0
CO(NH2)2,NH4NO3,59.6,44.5
GaCl3,TeCl4,80,45.0
GaCl3,SbCl3,73,46.4
SbF5,XeF2,62.5,50.0
GaCl3,SbCl3,33.2,50.6
CdCl2,GaCl3,5,52.0
H2O,Mg(NO3)2,80.1,53.0
AlBr3,SbCl3,14.5,54.0
GaCl3,NaCl,75,55.0
CsCl,GaCl3,3,55.0
GaCl3,HgCl2,92,55.0
SbBr3,SbCl3,70,55.0
AlCl3,NaIAlI3,45,55.0
GaCl3,LiCl,82,57.0
KCl,SbCl3,24,57.0
GaCl3,NH4Cl,85,58.0
CO(NH2)2,NaI,80.5,58.0
AlBr3,SbCl3,75.8,59.0
AlCl3,HgBr2,42.2,59.0
CuCl,GaCl3,5.2,60.0
AlBr3,InBr3,90,60.0
GaBr3,SbBr3,46,60.8
GaCl3,NaCl,97,62.0
SbF5,XeF2,80.5,63.0
BeCl2,GaCl3,5.7,64.5
GaCl2,KCl,84,65.0
CO(NH2)2,NaBr,79.5,66.0
SeCl4,SbCl3,6,66.0
GaCl2,GaCl3,41,66.0
GaCl3,MoCl5,93,67.0
CO(NH2)2,Sr(NO3)2,85,67.0
CsCl,SbCl3,7.5,68.0
CsNO3,Pb(NO3)2,68,68.0
GaBr3,SbBr3,37.2,68.2
GaCl3,KCl,82.5,70.0
AlCl3,SbCl3,7.5,70.0
BiCl3,GaCl3,9,70.0
H2O,LiI,71.2,70.0
GaCl3,HgCl2,60,72.0
CO(NH2)2,H3PO4,71.5,72.0
AlBr3,SbBr3,31,72.2
GaBr3,SbBr3,52.2,72.2
SbCl3,WCl6,100,73.0
SbCl3,WOCl4,98.8,73.0
AlBr3,AlCl3,65,73.0
SbF5,XeF2,57,73.5
GaCl3,MgCl2,98.85,73.6
AlCl3,GaCl3,6,74.0
Cd(NO3)2,NH4NO3,23.5,74.0
AlCl3,GaCl3,6,74.0
AlCl3,GaCl3,5.7,74.7
FeCl3,GaCl3,0.7,74.7
AlBr3,SbBr3,70.7,74.8
GaCl3,InCl3,98.7,75.0
GaCl3,InCl3,99.75,75.9
AgCl,GaCl3,6.1,76.0
BaCl2,GaCl3,0.75,76.0
CoCl2,GaCl3,0.3,76.0
GaCl3,MnCl2,99.7,76.0
CO(NH2)2,LiNO3,83.5,76.0
CaCl2,GaCl3,0.7,76.1
H2O,LiI,37.2,77.0
GaCl3,NbCl5,100,77.9
LiNO3,NH4NO3,25.3,79.5
NaClAlCl3,NaIAlI3,60,80.0
GaBr3,RbBr,80,80.0
AgI,AgNO3,55,80.0
AgNO3,HgI2,81,81.0
S2Cl2,SeCl2,100,81.5
AgNO3,TlNO3,48.6,82.8
AgNO3,TlNO3,51.5,82.8
AlBr3,RbBr,74,83.0
CO(NH2)2,NaNO3,77.5,83.0
H2O,SrI2,85,83.0
S2Cl2,TeCl4,100,83.5
XeF2,XeF4,35,83.5
BCl3,POCl3,50,83.8
CO(NH2)2,NaNO3,77,84.0
AlCl3,GaCl2,30,84.0
SbBr3,TeBr4,96,84.0
SbBr3,SbI3,85,84.5
AlCl3,SbBr3,8.4,86.0
GaBr3,HgBr2,67,86.0
XeF2,XeF4,62,87.0
AlBr3,KBr,74,88.0
CO(NH2)2,KI,82.5,88.0
Ga,GaBr3,20,88.0
AlBr3,KBr,75,89.0
AlI3,NH4I,57,90.0
CO(NH2)2,H4P2O7,80,90.0
LiNO3,NH4NO3,26.6,90.4
H2O,KAl(SO4)2,91.6,91.0
Ca(NO3)2,CO(NH2)2,9.3,92.0
CO(NH2)2,Ca(NO3)2,81.9,92.0
AlCl3,NaCl,66,93.0
AgNO3,HgI2,58,93.0
POCl3,TiCl4,59,94.7
AlCl3,BeCl2,48,95.0
AlBr3,NaBr,82,95.0
Cd(NO3)2,TlNO3,27.4,95.0
CO(NH2)2,LiNO3,54.5,95.0
CaBr,GaBr3,20,95.0
GaI3,SbI3,45,95.3
POCl3,TiCl4,58,96.0
GaBr3,KBr,71,96.8
AlI3,KI,69,97.0
GaCl3,KCl,64,98.0
AlCl3,NbOCl3,61.8,100.0
AlCl3,SeCl4,65.2,100.0
AlI3,KI,70,100.0
InI3,KI,85,100.0
HgI2,InI3,75,100.0
AgNO3,AgI,47.9,100.0
LiNO2,TlNO2,25,100.0
CO(NH2)2,NH4Cl,82.9,101.5
AgNO3,NH4NO3,30,101.5
AlBr3,RbBr,78.5,102.0
CsNO2,LiNO2,60,102.0
KNO3,LiNO2,45,102.0
CO(NH2)2,K2CO3,93,102.0
AgNO3,NH4NO3,30.9,102.4
AlCl3,NaNbOCl4,78.6,104.0
AlCl3,KBr,65.5,104.0
KNO2,LiNO2,59.3,104.0
AlI3,KI,67.5,105.0
CaNO2,LiNO2,39,105.0
KNO2,LiNO2,60,107.0
AlCl3,NaCl,61,108.0
AlCl3,TeCl4,62.5,108.0
AgNO3,HgI2,43,108.0
KNO2,LiNO3,60,108.0
CO(NH2)2,KBr,88.5,109.0
CsNO2,LiNO2,59.4,109.0
CO(NH2)2,KNO3,85,109.0
AgNO3,NH4NO3,50,109.6
AlI3,NH4I,67,110.0
GaI3,SiI4,75,110.0
InI3,SnI2,80,110.0
Ca(NO3)2,NH4NO3,16.9,110.0
CO(NH2)2,KNO3,84,110.0
AlCl3,AlI3,40,110.0
Ca(NO3)2,NH4NO3,16.6,111.0
AlCl3,NaCl,62,112.0
CO(NH2)2,NaCl,90,112.0
CsNO3,CsOH,32.5,112.0
CsNO3,LiNO2,35,113.0
LiNO3,RbNO2,30,113.0
AlCl3,GaAlCl4,15,113.0
AlI3,SnI4,40,113.5
AlCl3,LiCl,60,114.0
AlCl3,TeCl4,39.5,114.0
KCHO2,KNO3,62.1,114.0
GaBr3,TlBr,70,114.0
AlCl3,POCl3,63.5,114.3
AlCl3,POCl3,62.5,114.4
AlCl3,NaCl,60,115.0
AlCl3,POCl3,65,115.0
CO(NH2)2,KCl,91,115.0
CsNO2,LiNO2,40,115.0
CsC2H3O2,NaC2H3O2,68,115.0
AlCl3,KNbOCl4,78.4,116.0
AlCl3,ZrCl4,83,116.0
AlI3,AsI3,41,116.0
InI3,SiI4,15,116.0
NbCl5,POCl3,52.5,116.8
LiNO2,RbNO2,35.2,117.0
AlCl3,TaCl5,61.2,118.0
BiOI,InI3,20,118.0
GaI3,GeI4,74,118.0
InI3,TlI,85,118.0
AlI3,HgI2,65,120.0
GaI3,SbI3,65,120.0
GaI3,SnI4,70,120.0
HgI2,NH4I,43,120.0
KCNS,KNO2,66,120.0
K2WO4,Li2WO4,56,120.0
NaNO3,NH4NO3,20.5,121.0
AlCl3,HfCl4,98,122.0
CuCl,TlCl,60,122.0
CsI,InI3,18,122.0
AlCl3,NaCl,59,123.0
AlI3,NaI,70,123.0
KNO3,LiNO3,57.5,124.0
KNO3,LiNO3,59,124.0
NaCNS,RbNO3,33,124.0
NaNO3,TlNO2,25,124.5
AlCl3,NbCl5,54.3,125.0
LiNO2,RbNO3,37.5,126.0
InI3,SbI3,47.5,127.0
AlCl3,KCl,67,128.0
CsNO2,LiNO3,32.5,128.0
Ca(NO3)2,RbNO3,39,128.0
KNO3,LiNO3,62,128.0
AgNO3,RbNO3,67.5,128.0
AsI3,HgI2,88.5,129.0
AsI3,GaI3,6,130.0
AsI3,InI3,65,130.0
GeI4,InI3,84,131.0
NH4NO3,Pb(NO3)2,67,131.0
AlCl3,KCl,71,131.5
AgNO3,KNO3,62,131.9
HgI2,KI,61.5,132.0
AlI3,HgI2,42,132.0
LiNO2,RbNO3,65,132.0
KNO3,LiNO3,58.8,132.0
LiNO3,TlNO3,30,132.0
CsC2H3O2,KC2H3O2,71.5,132.0
LiNO2,NaNO3,65,133.0
BiCl3,NaFeCl4,17.5,134.0
CsNO2,LiNO3,47.5,134.0
KNO3,LiNO3,58.8,134.0
AlOCl,NbCl5,42.9,135.0
HgCl2,NH4Cl,42,135.0
AlI3,LiI,74,135.0
AlI3,RbI,71,135.0
AlI3,SbI3,60,135.0
Cd(NO3)2,NaNO3,47,135.0
Mg(NO3)2,NaNO3,33,135.0
CsC2H3O2,LiNO3,85.1,135.0
CsC2H3O2,LiC2H3O2,76,135.0
CuCl,KCl,67,136.0
AgCl,HgI2,52,136.0
AgNO3,RbNO3,40,136.0
AlCl3,NbCl5,41.6,136.5
LiNO3,TlNO3,31,136.5
InCl,ZnCl2,55,137.0
AgCl,HgI2,49,137.0
AlBr3,BiBr3,34.4,137.3
AlCl3,InCl,70,138.0
AlCl3,NbCl5,50,138.0
NaAlCl4,WCl5,98,138.0
AlI3,InI2,27.5,138.0
CsC2H3O2,KC2H3O2,72,139.0
BiCl3,NaAlCl3,14,140.0
HgBr2,NH4Br,52,140.0
AlI3,NaI,71,140.0
GaI3,KI,65,140.0
AlI3,SbI3,34,140.0
GaI3,HgI2,70,140.0
InI3,PbI2,77.5,140.0
GaI3,TlI,65,140.0
GaI3,ZnI2,38,140.0
NaNO2,TlNO2,18,140.0
KNO3,NaCNS,63.5,140.0
KNO3,NaCNS,34,140.0
CsC2H3O2,Zn(C2H3O2)2,80,140.0
CuCl,NH4Cl,62,140.0
GaI3,SbI3,27.5,140.1
Ca(NO3)2,CO(NH2)2,25.2,140.5
AgNO3,RbNO3,5,141.0
FeCl3,NaAlCl4,2,142.0
Sr(NO2)2,TlNO2,12.7,142.0
Ca(NO3)2,KNO3,34.2,142.0
CsC2H3O2,CsNO3,75,142.0
CsNO2,NaNO2,50,142.0
NaC2H3O2,Zn(C2H3O2)2,43,142.0
AlI3,InI,65,142.0
AgI,Ag2SO4,68,142.0
CuCl,NH4Cl,41,143.0
NaAlCl4,ReCl5,95,143.0
NaAlCl4,NbOCl3,98,143.6
InCl,ZnCl2,57.6,145.0
HgCl2,HgI2,55,145.0
Ca(NO3)2,KNO3,34.2,145.0
Ca(NO3)2,KNO3,36,145.0
LiC2H3O2,LiNO3,51,145.0
NaClAlCl3,NaI,95,145.0
Ca(NO3)2,KNO3,34,145.0
GaI3,SbI3,55.1,145.3
Ca(NO3)2,KNO3,32.4,146.0
LiNO2,LiNO3,70,147.0
CsC2H3O2,LiNO3,21.8,147.0
BiCl3,GaCl3,65,147.0
HgI2,SbI3,22.5,147.5
AlCl3,CsCl,74.6,148.0
HgI2,SbI3,24.3,148.0
LiNO3,RbNO2,67.5,148.0
NaNO2,TlNO3,60,148.0
LiNO3,RbNO3,30,148.0
CsNO3,NaCNS,61,148.0
HgCl2,HgI2,52,148.0
AgNO3,Cd(NO3)2,62,148.0
AlBr3,CsBr,79,149.0
HgI2,TlI,60,149.0
LiNO2,NaNO2,63,149.0
LiNO3,NaNO2,35,149.0
AlCl3,NaCl,50,150.0
CuCl,KCl,66,150.0
CuCl,RbCl,68,150.0
GaI3,NaI,67,150.0
CsNO3,NaNO3,48,150.0
BiCl3,TlCl,67.5,150.0
AlCl3,TaCl5,49.8,150.6
FeCl3,NaCl,54.7,151.0
LiNO2,NaNO2,62.5,151.0
NaNO2,TlNO3,25,151.0
CsF,HF,54.7,151.5
NaBiCl4,NaFeCl4,20,152.0
Cd(NO3)2,RbNO3,23,152.0
AgI,InI3,10,153.0
AgIO3,AgNO3,26.1,153.0
SnCl2,TaCl5,69.5,154.0
LiNO3,RbNO3,32,154.0
Ga,GaBr3,36,154.0
BiCl3,SeCl4,50,155.0
NH4NO3,(NH4)4P2O7,95.4,155.0
AgBr,AgNO3,25,155.0
LiNO3,NaNO2,62.5,156.0
KNO3,NH4NO3,21.3,156.7
KNO3,NH4NO3,11.3,156.7
NbCl5,WCl6,56.7,157.0
FeCl3,NaCl,54,158.0
TaCl5,WCl6,49.9,158.0
Ca(NO2)2,TlNO2,8.1,158.0
GaCl3,PCl5,100,158.0
AlCl3,WCl5,70,158.0
KBiCl4,LiBiCl4,35,158.0
RbC2H3O2,Zn(C2H3O2)2,40,159.0
AlCl3,BiCl3,35,160.0
AlCl3,TlCl,70.5,160.0
GaI3,SnI2,82,160.0
CsNO3,TlNO2,20,160.0
LiC2H3O2,NaC2H3O2,57,160.0
(NH4)4P2O7,(NH4)H2PO4,27.5,160.0
AgCl,AgNO3,25,160.0
AgCl,AgNO3,25,160.0
KNO2,KOH,58.4,160.0
CsNO2,TlNO2,25,162.0
Ca(NO3)2,KNO3,29.5,162.0
NaNO3,TlNO3,20.5,162.0
NaNO3,TlNO3,22,162.0
KBiCl4,LiBiCl4,60,162.0
POCl3,ZrCl4,59.75,162.5
Cd(NO3)2,CsNO3,39.4,162.5
CoI2,InI2,15,163.0
AgNO3,CsNO3,67.5,163.0
HgBr2,TlBr,60,164.0
AlI3,CsI,85,164.0
NaNO3,RbNO3,43,164.0
NaNO3,TlNO3,23.4,164.2
AlCl3,POCl3,41,164.4
AlCl3,POCl3,40.4,164.5
AlCl3,POCl3,41,164.5
AlCl3,ZrCl4,85.7,165.0
BiI3,InI3,8,165.0
Ba(NO2)2,TlNO2,8.1,165.0
NaCNS,TlNO3,15,165.0
BiCl3,TeCl4,49.3,165.5
Cd(NO3)2,CsNO3,29.4,166.0
InCl,ZnCl2,85,166.0
Cd(C2H3O2)2,CsC2H3O2,15,167.0
KNO2,KOH,43,167.0
HgBr2,KBr,57.5,168.0
KNO2,TlNO2,25,168.0
Cd(NO3)2,KNO3,46,168.0
Cd(NO3)2,RbNO3,42,168.0
(NH4)4P2O7,(NH4)2HPO4,41,168.0
KCNS,KI,93,168.0
AgNO3,CsNO3,82.5,168.5
KCNS,NaCl,97,169.0
KC2H3O2,Zn(C2H3O2)2,30,169.0
BiCl3,KCl,82.5,170.0
AlCl3,WOCl4,75.7,170.0
AlCl3,ZrCl4,97.5,170.0
CuI,InI3,5,170.0
KOH,NaOH,50,170.0
KOH,NaOH,50.6,170.0
Ca(NO2)2,RbNO3,19.7,170.0
CsNO3,LiNO3,40,170.0
LiNO3,RbNO3,61.5,170.0
MoCl5,SeCl4,58,170.0
(NH4)2P2O7,(NH4)2HPO4,36.1,170.0
KBr,KCNS,3,170.2
BiCl3,FeCl3,63,171.0
SnCl2,ZnCl2,56,171.0
SnCl2,ZnCl2,64,171.0
AgNO3,LiNO3,75,171.5
BiCl3,FeCl3,77,171.5
CuCl,SnCl2,21.8,172.0
NH4Cl,SnCl2,19,172.0
TaCl5,WOCl4,50.2,172.0
NaNO3,RbNO3,28,172.0
CuCl,SnCl2,18,172.0
AlCl3,BiCl3,68,173.0
HfCl4,POCl3,40,173.0
NH4Cl,SnCl2,42,173.0
BiBr3,BiCl3,49.5,173.0
KCl,KCNS,3.4,173.0
CdI2,CsBr,56.9,173.0
AgNO3,LiNO3,76,173.0
CsC2H3O2,RbC2H3O2,72,173.0
CsCl,SnCl2,17,174.0
NbCl5,WOCl4,56.3,174.0
CsNO3,LiNO3,43,174.0
MoCl5,SeCl4,64,174.0
HgBr2,TlBr,48,175.0
GaI3,TeI4,27,175.0
Cd(NO3)2,KNO3,25,175.0
LiNO3,NaCNS,56,175.0
NaCNS,RbNO3,62,175.0
POCl3,ZrCl4,43.5,175.3
KCl,SnCl2,52,176.0
AlCl3,ZrCl4,92.5,176.0
AgCl,AgNO3,18.5,176.0
HgCl2,TlNO3,12.8,176.0
RbNO3,TlNO2,10,176.0
LiC2H3O2,RbC2H3O2,26,176.0
Pb(NO3)2,TlNO3,12.1,176.8
CsNO3,NaNO3,47,177.0
FeCl3,PbCl2,63,177.0
AlCl3,FeCl2,87,178.0
SnCl2,TlCl,70.5,178.0
Ca(NO3)2,RbNO2,17.6,178.0
KNO3,Mg(NO3)2,56,178.0
LiBiCl4,NaBiCl4,85,178.0
Te,TeI4,66,178.0
TaCl5,WOCl4,55,178.5
NaNO3,RbNO3,44,178.5
FeCl3,PbCl2,50,178.6
NaC2H3O2,RbC2H3O2,38,179.0
Cd(C2H3O2)2,RbC2H3O2,14,179.0
LiNO3,RbNO3,66,179.5
NaF,SnF2,20,180.0
KCl,SnCl2,38,180.0
BiCl3,TaCl5,73,180.0
NH4Cl,ZnCl2,48.5,180.0
SnCl2,ZnCl2,58.2,180.0
AgI,GaI3,24,180.0
BiI3,GaI3,31,180.0
CdI2,GaI3,20,180.0
GaI3,PbI2,85,180.0
RbNO2,TlNO2,75,180.0
Ca(NO2)2,NaNO3,36.8,180.0
MoCl5,PCl5,62,180.0
FeCl3,WCl5,70,180.0
AlCl3,BaCl2,81.7,180.0
LiI,LiOH,55,180.0
NaNO3,RbNO3,53,180.5
Ba(NO2)2,NaNO2,55.6,181.0
KNO3,TlNO3,28,181.0
RbC2H3O2,RbNO3,35.5,181.0
KC2H3O2,LiC2H3O2,64,181.0
HgCl2,KCl,68,182.0
LiClO4,NH4ClO4,69.5,182.0
CuBr,KBr,28.1,182.0
Ba(NO2)2,LiNO2,20.5,182.0
InI3,ZnI2,75,182.0
NaCl,SnCl2,32,183.0
HgCl2,TlCl,64,183.0
NH4Cl,SnCl2,20,183.0
CsNO3,LiNO3,55,183.0
HfCl4,POCl3,56,183.7
CsNO3,NaCNS,31,184.0
AgCl,BiCl3,45,184.0
NH4Cl,NH4H2PO4,12.2,184.0
SnCl2,TlCl,82,185.0
AlI3,CsI,64,185.0
Ca(NO2)2,KNO2,25,185.0
CdI2,KI,52.5,185.0
NaCl,SnCl2,28,186.0
NbCl5,ZrCl4,65.7,186.0
NH4Cl,SnCl2,40,186.0
KC2H3O2,RbNO3,25,186.0
Ba(NO2)2,LiNO2,21.2,187.0
LiNO3,NaNO3,56,187.0
CsCl,SnCl2,17,188.0
AlCl3,InCl,80,188.0
FeI2,GaI3,25,188.0
GaI3,NiI2,71,188.0
Ca(NO3)2,CsNO3,42,188.0
CsOH,KOH,55,188.0
KNO3,NH4H2PO4,33,188.0
AlCl3,HfCl4,93.95,189.0
AlCl3,ZrCl4,89.84,189.0
HgCl2,TlCl,66,189.0
BiCl3,CuCl,56,190.0
BiCl3,NbCl5,54,190.0
AgCl,TlBr,60,190.0
AlBr3,KBr,48,190.0
CdI2,InI3,62.5,190.0
Na2SO4,Na2S2O7,8,190.0
Cd(NO3)2,LiNO3,35,190.0
MoCl5,SeCl4,45,190.0
BiCl3,HgCl2,62,190.0
LiC2H3O2,NaC2H3O2,26,190.0
GaBr3,TlBr,45,190.0
KF,SnF2,19,191.0
NbCl5,PCl5,67,191.0
SnCl2,TlCl,79,191.0
RbCl,SnCl2,17,192.0
HgCl2,TlNO3,37,192.0
HgI2,TlNO3,5,192.0
LiBiCl4,NaBiCl4,50,192.0
BiCl3,LiCl,95,192.0
HgCl2,NH4Cl,39,193.0
TlCl,ZnCl2,41.8,193.0
LiNO2,LiNO3,75,193.0
LiNO3,NaNO3,54,193.0
TlBr,TlNO3,11.5,193.0
CaNO3,NaNO3,50,194.0
AlI3,InI,48,194.0
KNO3,Mg(NO3)2,81,195.0
SnBr2,SnS,95,195.0
SnCl2,TlCl,81,195.2
BiCl3,NaCl,80,196.0
CdI2,InI3,1.5,196.0
LiNO3,NaNO3,55,196.0
Cd(C2H3O2)2,KC2H3O2,46,196.0
AgI,RbI,75,196.0
HgCl2,TlNO3,58.5,197.0
LiC2H3O2,NaNO3,85,197.0
KC2H3O2,LiC2H3O2,62.4,197.0
AgI,InI,70,197.0
RbCl,SnCl2,18,198.0
FeCl3,NbCl5,20.6,198.0
HgCl2,NH4Cl,61.3,198.0
AlI3,RbI,48,198.0
Ca(NO2)2,KNO2,40.3,198.0
RbC2H3O2,RbNO3,81.5,198.0
KCl,SnCl2,20,200.0
RbCl,SnCl2,44,200.0
AlCl3,InCl,30,200.0
FeCl3,TaCl5,24.3,200.0
NH4Cl,SnCl2,56,200.0
GaI3,KI,47,200.0
CdI2,CsI,55.6,200.0
CuI,GaI3,12.5,200.0
GaI3,MgI2,17,200.0
Ca(NO2)2,NaNO2,32.4,200.0
LiNO2,LiNO3,70,200.0
RbNO3,Sr(NO3)2,80,200.0
RbNO3,TlNO3,23,200.0
NaC2H3O2,NaNO3,76.5,200.0
InBr3,NaBr,47,200.0
CdCl2,InCl,10,200.0
NaC2H3O2,Zn(C2H3O2)2,75,200.0
InCl,KCl,98,200.0
BiBr3,TeBr4,80,200.0
InBr3,SnBr2,27,200.0
KCl,SnCl2,17,201.0
TeCl4,TlCl,89,201.0
Tl2CO3,TlNO3,14,201.0
FeCl3,KCl,53,202.0
AgBr,TlCl,61,202.0
Ca(NO3)2,LiNO2,8.1,202.0
BiCl3,LiCl,65,202.0
TeCl4,TeI4,65,202.0
AgNO3,Ca(NO3)2,89,202.0
NbCl5,NbOCl3,99.4,202.4
AgNO3,Pb(NO3)2,96,202.7
RbCl,SnCl2,44.5,203.0
RbNO2,TlNO3,15,203.0
KNO3,RbC2H3O2,20,203.0
SnCl2,TlCl,66,204.0
LiClO4,NaClO4,71.5,204.0
Ca(NO3)2,NaNO2,31.1,204.0
LiNO3,NaClO4,67,204.0
LiNO3,NaNO3,67,204.0
NaNbOCl4,NbCl5,0,204.5
CuCl,NbCl5,23.3,205.0
HgCl2,TlCl,32,205.0
BiBr3,PbBr2,76.5,205.0
Ca(NO2)2,LiNO2,9.6,205.0
Ca(NO2)2,RbNO2,21.2,205.0
RbNO2,TlNO3,50,205.0
K2NbOCl5,TaCl5,57.5,205.0
AgI,TlI,69,205.0
BiBr3,PbBr2,80,205.3
BiCl3,WOCl4,40.3,206.0
AgNO3,SrCl2,99.5,206.0
KNO3,RbC2H3O2,70,206.0
BiCl3,LiCl,45,206.0
KClO4,LiClO4,24,207.0
LiClO4,NaClO4,71.5,207.0
AlI3,KI,47.5,207.0
AgNO3,Ba(NO3)2,98,207.0
AgNO3,Ba(NO3)2,99.1,207.9
AlCl3,FeCl2,58,208.0
SnCl2,TaCl5,11.1,208.0
LiClO4,NaClO4,72.5,208.0
GaI3,TlI,45,208.0
Ca(NO2)2,LiNO3,31.3,208.0
AgNO3,Sr(NO3)2,99.5,208.7
FeCl3,WOCl4,1,209.0
HgCl2,TlCl,40,209.0
PCl5,TaCl5,30,209.0
BeCl2,NaCl,55,210.0
GaCl3,KCl,49,210.0
AgCl,TlCl,60,210.0
AlCl3,InCl2,3,210.0
LiOH,NaOH,30,210.0
AgNO3,Pb(NO3)2,93,210.0
RbNO3,Sr(NO3)2,84.8,210.0
AgCl,TlCl,55,210.0
FeCl3,K2UCl6,75,210.0
InI2,SnI2,74.5,210.0
KClO4,LiClO4,24,210.0
AgI,InI2,20,210.0
Tl2CO3,TlNO3,40,210.0
AgCl,AgI,42,211.0
Tl2CO3,TlNO3,62,211.0
KC2H3O2,KNO3,39,212.0
PbCl2,TeCl4,2,212.0
KNO3,NaC2H3O2,60,212.0
NbCl5,TaCl5,57,213.0
TlCl,ZnCl2,48,213.0
KNO2,Sr(NO2)2,73.4,213.0
Ca(NO3)2,LiNO2,33.3,213.0
LiC2H3O2,NaC2H3O2,47.5,213.0
Na,S,25,213.0
SeCl4,WCl6,40,213.0
K2FeCl6,K2UCl6,70,213.0
KAlCl4,K2NbOCl5,86.8,214.0
NH3Cl,TaCl5,4,214.0
KNO3,KOH,68.5,214.0
CdCl2,TeCl4,4,214.0
Ca(NO3)2,NaNO3,31,214.0
FeCl3,ZnCl2,30,214.0
LiCl,SnCl2,15,215.0
KCl,TaCl4,49,215.0
CsCl,CuCl,23,215.0
BiCl3,ZnCl2,89.1,215.0
AlI3,NaI,48,215.0
KNO2,Sr(NO2)2,72.6,215.0
AgCl,AgI,46,215.0
BeCl2,NaCl,50,217.0
BiCl3,WCl6,92,217.0
KNO2,Sr(NO2)2,49,217.0
CsNO3,KNO3,39.6,217.0
KC2H3O2,RbNO3,68,217.0
LiC2H3O2,NaNO3,80,27.0
KNO3,Pb(NO3)2,76.6,217.1
AgCl,TlCl,56.1,218.0
LnCl3,SnCl2,8.7,218.0
NaNO2,Sr(NO2)2,71,218.0
NaCNS,NaNO2,41.5,218.0
NaCNS,NaNO2,37,218.0
CdI2,InI2,3.5,218.0
BiCl3,PbCl2,88.7,219.0
LiClO4,NaClO4,78.2,219.0
KNO2,Sr(NO2)2,49.6,219.0
LiC2H3O2,NaC2H3O2,69,219.0
LiClO4,NaClO4,78,219.0
AgCl,TeCl4,2.6,219.0
LiClO4,NaClO4,78,219.0
BiCl3,PbCl2,90,219.0
FeCl3,TlCl,40,219.0
NaCl,TaCl3,55,220.0
FeCl3,KCl,66,220.0
KCl,ZrCl4,42.2,220.0
AlCl3,In2Cl3,42,220.0
KNO3,KOH,32,220.0
KC2H3O2,KNO3,61,220.0
LiC2H3O2,Zn(C2H3O2)2,25,220.0
InI2,ZnI2,97,220.0
Ca(NO3)2,LiNO3,14,220.0
SnBr2,TlBr,93.7,220.5
Ba(NO2)2,KNO2,31.6,221.0
FeCl3,NH4Cl,65,221.0
GaCl3,NH4Cl,35,222.0
KC2H3O2,LiC2H3O2,15.5,222.0
K2Cr2O7,NaNO3,36.1,222.0
CsNO3,KNO3,40,222.0
Ca(NO3)2,NaNO3,29,222.8
RbCl,SnCl2,51.5,223.0
NaCN,NaOH,31,224.0
KNO2,NaNO2,35,224.0
HgCl2,WCl6,5,224.0
InI2,PbI2,97.5,224.0
TeBr4,TeCl4,0,224.0
NaI,NaOH,19.4,224.5
AlI3,LiI,48,225.0
InCl2,KCl,95,225.0
KNO3,Na2Cr2O7,73.3,225.0
AgBr,TlBr,62,226.0
KOH,LiOH,68.8,226.0
Ca(NO3)2,NaNO3,30.3,226.0
LiC2H3O2,NaC2H3O2,81.5,226.0
NaClO4,NaNO3,38.5,226.0
InI2,MnI2,100,226.0
KOH,LiOH,71,227.0
NaCNS,NaNO3,44,227.0
HgI,HgI2,47.5,227.0
NH4Cl,ZnCl2,27,228.0
Ca(ClO4)2,LiClO4,13.1,228.0
AgBr,RbBr,68,228.0
KC2H3O2,NaC2H3O2,55,228.0
CsNO3,NaNO2,60,228.0
LiBr,LiNO3,23,228.0
AgBr,RbBr,68,228.0
HgI2,PbI2,23,228.0
CdCl2,SnCl2,10,229.0
HF,KF,48.6,229.5
KCl,TaCl3,50,230.0
KCl,ZnCl2,51,230.0
BiCl3,In2Cl3,100,230.0
FeCl2,SnCl2,6,230.0
CsBr,LiBr,48.5,230.0
NaNO2,NaOH,77,230.0
HgBr2,NaBr,91.5,232.0
HgBr2,PbBr2,95,232.0
KNO2,NaNO2,35,232.0
RbNO2,Sr(NO2)2,78.8,232.0
Ca(NO3)2,NaNO3,29.8,232.0
NH4Cl,ZnCl2,27,232.0
CdCl2,SnCl2,10,233.0
MnCl2,SnCl2,5,233.0
NaNO2,NaNO3,60,233.0
LiCl,LiClO4,9.5,234.0
KCl,ZrCl4,34.5,235.0
AgCl,BeCl2,60,235.0
NaNO2,NaNO3,50,235.0
Ca(NO3)2,LiNO3,15,235.0
AgCl,BeCl2,60,235.0
FeCl3,NH4Cl,38,235.0
Na2S2,Na2S2,50,235.0
Ca(NO3)2,LiNO3,15.3,235.2
CaCl,CuCl,45,236.0
KClO3,NaClO3,11,236.0
Ca(NO3)2,CsNO2,39,236.0
Ca(NO3)2,LiNO3,15.3,236.0
LiC2H3O2,RbC2H3O2,88.5,236.0
LaCl3,SnCl2,2.3,237.0
K2Cr2O7,LiCl,30.7,237.0
NaOH,RbOH,75.2,237.0
RbNO2,Sr(NO2)2,40,237.0
Na2S4,Na2S5,33,237.0
CaCl2,LiNO3,8.1,238.0
AgI,KI,29.5,238.0
KC2H3O2,LiC2H3O2,13,238.0
As2Se3,Tl2Se,21,238.0
KC2H3O2,Mg(C2H3O2)2,63.5,238.0
LiOH,RbOH,26,238.0
NaNO2,NaOH,27,239.0
K2NbOCl5,KTaCl6,40,239.0
CeCl3,SnCl2,2.5,240.0
CoCl2,SnCl2,3,240.0
SnCl2,SnS,97.2,240.0
AlI3,CsI,46.5,240.0
AlI3,CsI,45,240.0
PbS,SnS,17,240.0
CsC2H3O2,LiC2H3O2,12,240.0
KC2H3O2,NaC2H3O2,61.5,240.0
Na2S,S,31.25,240.0
LiC2H3O2,LiCHO2,62.5,240.0
CsOH,LiOH,74.5,240.0
LiC2H3O2,LiCHO2,62.5,240.0
InBr3,TeBr4,52.5,240.0
KNO3,Na2Cr2O7,44.6,240.0
AgI,KI,70,240.0
NaOH,RbOH,34.1,241.0
NaF,NaTiF6,75.1,242.0
BiCl3,NaCl,48,242.0
HfCl4,KCl,62,242.0
KAlCl4,NbOCl3,97.1,242.0
PbCl2,ZnCl2,7,242.0
AgI,HgI2,15,242.0
HgI2,HgSO4,87,242.0
NH4Cl,TaCl5,70,243.0
Ca(NO2)2,CsNO3,39.3,243.0
CuCl,ZnCl2,18,243.0
RbCl,WCl5,1.5,244.0
SnCl2,YCl3,89.6,244.0
LiCl,LiNO3,12.5,244.0
BiI2,HgI2,13.3,244.0
Ba(NO3)2,LiNO3,2,244.0
KH2PO4,KNO3,29.2,244.5
AgCl,NH4Cl,8.5,245.0
CsNO3,LiC2H3O2,9.8,245.0
CsNO3,LiC2H3O2,10,245.0
AgI,HgI2,10,245.0
NaNO3,NaOH,72,246.0
Ca(NO2)2,CsNO2,23.1,247.0
KNbOCl4,KTaCl6,40,247.0
NaF,SnF2,43,248.0
NaCl,NbCl4,33,248.0
AlCl3,TlCl,40.6,248.0
CsNO2,Sr(NO2)2,82.3,248.0
Na2S,S,2,248.0
AgI,TeI4,16,248.0
RbCl,ZnCl2,47.5,249.0
As2Se3,Tl2Se,72,249.0
AgCl,HgCl,57.4,250.0
InCl2,TlCl,84,250.0
KI,KOH,27,250.0
LiNO3,Pb(NO3)2,96.5,250.2
Ba(NO3)2,LiNO3,2.8,250.4
KNbCl6,NbOCl3,78.4,251.0
AgCl,RbCl,60,251.0
SnCl2,TlCl,44,251.0
Ba(NO3)2,LiNO3,2.8,251.0
LiNO3,Sr(NO3)2,98.5,251.3
AgCl,CuCl,45.7,252.0
LiNO3,Li2SO4,1.26,252.0
Ba(NO2)2,Ba(NO3)2,94,252.0
Ba(NO3)2,LiNO3,2.6,252.0
Mg(CHO2)2,NaCHO2,21,252.0
NaF,SnF2,92,253.0
Na2S,S,18.6,253.0
AgBr,Ag2SO4,69,254.0
CsCl,NbOCl3,40,255.0
CsCl,TaCl4,52,255.0
KI,MgI2,61,255.0
NpF4,TlF,14,255.0
Ba(NO2)2,Ba(NO3)2,94,255.0
Mg(C2H3O2)2,NaC2H3O2,42.5,255.0
Ba(NO2)2,Ca(NO2)2,89,255.0
Mg(C2H3O2)2,NaC2H3O2,60,256.0
NaF,SnF2,57,258.0
AgCl,CsCl,72,258.0
AgCl,CuCl,48.9,258.0
NaNO3,NaOH,18.5,258.0
LiBr,RbBr,59,259.0
NaF,SnF2,72,260.0
AgCl,CuCl,46,260.0
InCl3,TlCl,48,260.0
InCl3,ZnCl2,8,260.0
PbBr2,PbI2,53,260.0
PbBr2,PbI2,63,260.0
NaBr,NaOH,77.7,260.0
KI,LiI,36.9,260.0
NaBO2,NaOH,15,260.0
ReCl3,ReCl3,15,260.0
CuI,TeI4,23,260.0
PbCl2,ZnCl2,9.1,261.0
CdCl2,ZnCl2,0,261.5
CdCl2,ZnCl2,1,262.0
LiCl,LiOH,37,262.0
CsBr,LiBr,37.5,262.0
AlBr3,RbBr,49,262.0
InBr3,RbBr,55,262.0
FeCl3,TlCl,26,262.0
LiCl,LiOH,37,262.0
Na2Cr2O7,NaNO3,45.4,262.0
CsCl,ZnCl2,42.5,263.0
CuCl,FeCl3,39.6,263.0
Ba(NO2)2,TlNO2,97,263.0
KI,NaCNS,17.9,263.6
HgCl2,NaCl,86,264.0
AgCl,AgI,53.5,264.0
AgBr,KI,80.3,264.0
AgCl,AgI,53.5,264.0
HgCl2,NaCl,86,264.0
K2Cr2O7,KNO3,35.7,264.0
HgCl2,InCl3,98,265.0
Ca(NO3)2,LiCl,40.85,265.0
MnCl2,ZnCl2,2,266.0
Ba(NO2)2,KNO2,93.2,266.0
LiI,TeI4,3,266.0
NaNO3,NaOH,41,266.0
LiCl,NH4Cl,50,267.0
CdCl2,NH4Cl,53,267.0
AlBr3,RbBr,48,267.0
Ca(NO3)2,CsNO2,63.5,267.0
KNO3,Sr(NO3)2,63.1,267.0
KNO3,Sr(NO3)2,71.9,267.0
TeBr4,TeI4,20,267.0
LiCl,NH4Cl,50,267.0
CdCl2,NH4Cl,53,267.0
CsCl,ZnCl2,20.1,268.0
LiCl,LiOH,42,268.0
SnBr2,TlBr,51.9,268.0
NaBeF3,NaPO3,60,270.0
NaCl,TaCl4,55,270.0
NaCl,ZnCl2,42,270.0
CdCl2,TlI,27,270.0
Ca(ClO4)2,NaClO4,55,270.0
BaF2,FeF2,33,270.0
BeCl2,CsCl,59.4,270.0
Bi,CdTe,99.992,270.5
MgCl2,ZnCl2,1,271.0
KNO3,Sr(NO3)2,85.6,271.7
InCl3,NaCl,49,272.0
CsNO3,Sr(NO3)2,76.9,272.0
AgCl,HgCl2,16.5,272.0
CsCl,TaCl3,54,273.0
LiBr,RbBr,55,273.0
LiCl,LiOH,34.5,274.0
NaNO3,Pb(NO3)2,84.5,274.2
CsCl,WCl5,2,275.0
LiBr,LiOH,55,275.0
CsNO3,Sr(NO3)2,75,275.0
KNO3,Sr(NO3)2,85,275.0
CuCN,KCN,41,275.0
LiBr,LiOH,55,275.0
InCl3,ZnCl2,4,276.0
TaCl5,TlCl,36,276.0
AgBr,PbBr2,54,276.0
CsBr,LiBr,36.5,276.0
KBr,RbNO3,0.5,276.0
RbCl,ZnCl2,37,277.0
BeCl2,RbCl,54.8,277.0
KF,SnF2,45,278.0
HgCl2,LiCl,98.4,278.0
Na2MoO4,NaNO2,2,278.0
HgCl2,LiCl,98.4,278.0
NaNO2,Na2WO4,98,278.0
NaCNS,RbI,88.5,279.2
KF,SnF2,56,280.0
CuCl,PbCl2,59.1,280.0
NaOH,Na2S,95.7,280.0
As2Se3,As2Te3,47,280.0
CuCN,KCN,76,280.0
CuCl,PbCl2,51,280.0
KCl,KH2PO4,5.5,280.0
HgCl2,PbCl2,100,281.0
NaNO3,TlCl,91,281.0
NaCl,NaNO2,1.1,281.0
CsCl,NbCl4,43,282.0
PbBr2,ZnBr2,60,282.0
CuCl,ZnCl2,12,283.0
Na2CO3,NaOH,7.2,283.0
RbCl,TaCl4,53,284.0
CuCl,CuI,57,284.0
CsNO2,Sr(NO2)2,40,284.0
KBr,NaCNS,9.1,284.0
NaCNS,RbBr,91.3,284.9
AgBr,KBr,68,285.0
KNO3,NaNO2,45.5,285.0
CsNO3,RbNO3,14,285.0
ThF4,TlF,10,285.0
NaOH,Na2S,99.5,285.0
CsCl,ZrCl4,32.8,286.0
AgBr,KBr,69,286.0
PbCl2,ZnCl2,23,286.0
Ag2SO4,KNO3,9.8,286.1
CsBr,NaCNS,8.7,286.3
LiBr,NaCNS,8.7,286.8
Ba(NO3)2,KNO3,12.4,287.0
Ba(NO3)2,KNO3,12.5,287.0
Ba(NO3)2,KNO3,12.7,287.0
Ba(NO3)2,KNO3,13.3,287.0
CdI2,NaI,53,287.0
NaCNS,NaI,83.7,287.5
CdBr2,TlCl,23.8,288.0
CsNO3,RbNO3,20,288.0
CdCl2,TlCl,22.7,290.0
GaCl3,TlCl,32,290.0
AgBr,KBr,51,290.0
Ca(NO2)2,RbNO2,56.2,290.0
CsNO3,RbNO2,56.2,290.0
NaI,SnI2,22,290.0
AgCN,KCN,14,290.0
AgBr,KBr,51,290.0
KNO3,RbNO3,30,291.0
BeCl2,PbCl2,53,292.0
InCl3,TlCl,50,292.0
Cs2CO3,CsOH,10.3,292.0
BeCl2,CsCl,75,292.0
BeCl2,PbCl2,47,292.0
NaOH,Na2SO4,95.3,293.0
CdBr2,Na2C2H3O2,25,293.0
NaBr,NaNO3,9.5,293.0
NaCNS,RbCl,94.4,293.4
NaNO3,Sr(NO3)2,93.6,293.4
CsCl,NaCNS,5.3,293.6
LiCl,ZnCl2,23,294.0
LiCl,NaCNS,6,294.0
Ba(NO3)2,NaNO3,6.4,294.0
KCl,NaCNS,5.2,294.1
NaNO3,Sr(NO3)2,93,294.9
KCl,ZnSO4,66.6,295.0
NaI,PbBr2,22.2,295.0
K2S2O7,V2O5,92,295.0
Ba(NO3)2,NaNO3,5.8,295.0
As2S3,In2S3,98,295.0
CdCl2,TlBr,25.8,296.0
NaI,NaNO3,14,296.0
Na2MoO4,NaNO3,2,296.0
NaBr,NaCNS,9.4,296.1
NaCl,NaNO3,6.5,297.0
CdBr2,KBr,36,297.0
FeCl2,FeCl3,13.5,297.5
CdCl2,NaF,55,298.0
KF,KNO3,9,298.0
KCl,NbCl4,40,298.0
CdCl2,TlCl,29.5,298.0
NaCl,NaNO3,5,298.0
KBr,PbI2,47.3,298.0
Ba(NO3)2,NaNO3,6.4,298.0
NaNO3,Na2WO4,98,298.0
SnI2,SnS,85,298.0
CdBr2,KBr,37,299.0
KBeF3,KPO3,80,300.0
KBeF3,KPO3,80,300.0
BeCl2,LiCl,56,300.0
KCl,UCl4,57,300.0
RbCl,TaCl3,55,300.0
CdCl2,TlCl,27,300.0
CdCl2,ZnCl2,8,300.0
FeCl3,ZrCl4,85.18,300.0
CdI2,TlCl,33.3,300.0
ZnCl2,ZnSO4,90,300.0
CdBr2,KBr,37,300.0
KBr,KOH,25,300.0
NaNO3,Na2SO4,95.5,300.0
Rb2SO4,RbNO3,1.5,300.0
CdCl2,In2Cl3,9,300.0
BeCl2,KCl,48,300.0
FeCl3,ZrCl4,94,300.0
FeCl3,HfCl4,62,300.0
BeCl2,KCl,47.9,300.0
LiBr,RbBr,54,300.0
AgBr,TeBr4,20,300.0
RbBr,RbNO3,1,300.0
KBr,KOH,25,300.0
Na2CrO4,NaNO3,5,300.0
NaCl,NaCNS,6,300.3
Na2CrO4,NaNO3,5,301.0
CsCl,HfCl4,34.9,302.0
NaCl,NaCNS,4.8,302.0
Na2Cr2O7,Rb2Cr2O7,78,303.0
NaBF4,NaF,61.1,304.0
NaF,NaNO3,3.5,304.0
AgCl,Ag2SO4,69.3,304.0
CdBr2,KBr,38,304.0
AgCl,Ag2SO4,69,304.0
KF,SnF2,77,305.0
CuCl2,FeCl2,48.5,305.0
CdBr2,KBr,37,305.0
CdI2,SnI2,30,305.0
As2S3,Na2S,85,305.0
KNO3,TlCl,88.9,305.0
BeCl2,BeF,27.5,306.0
CsCl,LiCl,40.5,306.0
AgCl,KCl,70,306.0
PbCl2,PbI2,24,306.0
KBr,PbI2,27.6,306.0
KOH,RbOH,65.6,306.0
LiF,NaCNS,0/6,306.5
KBF3OH,KBF4,91.5,307.0
CsCl,PbI2,23.2,307.0
KF,SnF2,92,309.0
KI,PbBr2,44.9,309.0
BeCl2,LiCl,51,310.0
BeCl2,TlCl,55,310.0
Li2SO4,ZnCl2,1,310.0
Ba(ClO4)2,NaClO4,43,310.0
CdBr2,TlBr,25,310.0
BeCl2,YCl3,95,310.0
NaCl,ZrCl4,35.4,311.0
AgCl,PbCl2,61.5,311.5
CoCl2,ZnCl2,7.3,312.0
FeCl3,InCl3,3,312.0
CdCl2,NH4Cl,79,312.0
Ba(ClO4)2,NaClO4,40,313.0
CdBr2,TlBr,25,313.0
CsBr,LiBr,50,313.0
CsCl,LiCl,42.5,314.0
CuCl,NaCl,73,314.0
CuCl,NaCl,74,314.0
CuCl,NaCl,75,314.0
NaCl,ZrCl4,37.6,314.0
AgCl,PbCl2,60.02,314.0
NaCl,NaOH,6.3,314.0
Ba(ClO4)2,Ca(ClO4)2,43,314.0
KNO3,K2WO4,94.2,314.0
AgCl,PbCl2,40,314.0
AgCl,KCl,72,314.0
LiCl,RbCl,58.5,314.0
AlCl3,RbCl,46,315.0
SnCl2,TlCl,24,315.0
AgBr,KCl,76,315.0
CdBr2,CsI,45.5,315.0
Cs2CrO7,Na2Cr2O7,21,315.0
TlF,YF3,95,315.0
CsCl,LiCl,39,315.0
CuCl,NaCl,75,316.0
InCl3,NaCl,78,316.0
InCl3,KCl,47.5,316.0
TlCl,TlI,52.5,316.0
CdSO4,TlCl,52.7,316.0
KNO3,K2WO4,92,316.0
TlCl,TlI,52,316.0
Na2Cr2O7,Rb2Cr2O7,25,317.0
LiCl,RbCl,58.3,318.0
AgCl,KCl,70,318.0
CsCl,PbBr2,12.2,318.0
Li2CrO4,LiOH,29,318.0
K2MoO4,KNO3,8,318.0
KBr,LiBr,60,318.0
AgCl,KCl,70,319.0
CuCl2,KCl,38,320.0
CsAlCl4,Cs2NbOCl5,79.5,320.0
AgCl,KBr,75,320.0
CaCl2,LiNO3,40.3,320.0
KCl,KNO3,6,320.0
CdBr2,RbBr,40,320.0
KI,PbBr2,13.1,320.0
KBr,KNO3,9.5,320.0
Ca(NO2)2,CsNO3,84,320.0
CuBr,TeBr4,18,320.0
AgI,TlI,30,320.0
Ag2SO4,TlI,72,320.0
KCl,KNO3,6,320.0
KI,PbI2,31.9,321.0
KBF3OH,KF,98.7,322.0
CuCl,NaCl,73,322.0
LiBr,PbBr2,20.9,322.0
CdBr2,RbBr,54,322.0
SbI3,Sb2S3,24,322.0
AgI,ZnI2,53,322.0
KBr,LiBr,38.5,322.5
CsCl,LiCl,40.7,323.0
CsBr,PbBr2,19.8,323.0
KNO2,KNO3,20,323.0
NaBr,PbBr2,17.7,324.0
NaBr,PbBr2,18,324.0
CuCN,KCN,58,324.0
CaCrO4,KNO3,1,324.0
NaBF4,NaF,60,325.0
AgCl,KCl,75,325.0
CuCl2,KCl,30,325.0
KNbCl6,KNbOCl4,84.2,325.0
Cs2CrO4,K2Cr2O7,50,325.0
PbBr2,RbBr,88,325.0
K2CrO4,KNO3,1,325.0
CdCl2,TlCl,22.7,326.0
PbCl2,PbI2,35,326.0
CdBr2,PbI2,37,326.0
K2CO3,KNO3,3.7,326.0
BeF2,KF,58,327.0
BeCl2,CdCl2,85,327.0
KCl,LiBr,39,327.0
Cs2Cr2O7,Na2Cr2O7,74,327.0
BeCl2,CdCl2,85,327.0
MnCl2,TlCl,21.5,328.0
AgBr,PbCl2,65,328.0
KNO3,TlBr,97.2,328.5
AgCl,InCl3,32,329.0
CdBr2,CsI,64.6,329.0
HfCl4,NaCl,59.4,330.0
CuCl,HgCl2,56.2,330.0
PbCl2,UCl4,65,330.0
KBr,PbBr2,16,330.0
KBr,PbBr2,17.3,330.0
AlBr3,CsBr,47.5,330.0
Na2CO3,Na2SO4,66.5,330.0
KNO3,TlBr,98,330.0
AlCl3,NaNbOCl4,30.2,331.0
AlBr3,CsBr,57,331.0
CsCl,LiCl,41.5,332.0
CsCl,LiCl,42,332.0
KBr,MgBr2,65,332.0
KNO3,K2SO4,97.5,333.0
AlCl3,KNbOCl4,40,334.0
TlCl,ZnCl2,78,334.0
KBr,LiBr,38,334.0
KNO3,K2SO4,98.8,334.0
KCl,UCl4,55,334.9
AlCl3,CsCl,43,335.0
KBr,PbBr2,10,335.0
CsI,TlCl,21,336.0
CsOH,CsF,92.6,337.0
CsCl,SnCl2,61.5,337.0
KBr,KNO3,1,337.0
PbCl2,PbI2,64,338.0
CdBr2,KBr,54,338.0
BeF2,NaF,44.3,340.0
BeF2,NaF,64,340.0
BeF2,KF,62,340.0
FeCl2,KCl,39.8,340.0
AlOCl,NbOCl3,37.4,340.0
TlCl,ZnCl2,73,340.0
CdCl2,PbBr2,20,340.0
CsCl,TlI,33,340.0
CdBr2,PbBr2,15,340.0
CoBr2,TeBr4,15,340.0
CsI,PbI2,19.8,341.0
KCl,UCl4,50,341.1
LiCl,TlCl,38,342.0
LiBr,TlBr,41.5,342.0
BeF2,NaF,44,343.0
AlCl3,CsCl,45.7,344.0
CdBr2,TeBr4,45,344.0
KCl,KClO3,13.1,345.0
CdBr2,KBr,54,345.0
CdBr2,KBr,54.5,345.0
CuCN,NaCN,74,345.0
BeF2,KF,72,346.0
NaCl,ThCl4,70.3,346.0
CsNO3,TlCl,70.6,347.0
KCl,LiCl,42,348.0
KBr,LiBr,40,348.0
PbBr2,PbF2,92.5,349.0
NaCl,ThCl4,64.3,349.0
KBr,PbBr2,12.2,349.0
BeCl2,RbCl,83.6,349.0
CdF2,CdI2,82.5,350.0
FeCl2,KCl,40.7,350.0
CsCl,SnCl2,63,350.0
BeCl2,TlCl,85,350.0
LiCl,Li2CrO4,45,350.0
LiCl,Li2CrO4,83,350.0
AgBr,CuBr,58,350.0
CoCl2,KCl,43.5,351.0
FeCl2,KCl,38.2,351.0
KCl,LiCl,42,352.0
KCl,LiCl,43,352.0
PbBr2,TlBr,89.5,352.0
Cs2Cr2O,Rb2Cr2O7,50,352.0
KCl,LiCl,42,354.0
KCl,LiCl,42.5,354.0
AgCl,Ag2CrO4,59.6,354.0
AgCl,Ag2CrO4,73,354.0
KBr,PbBr2,44,354.0
KBr,PbBr2,48.1,354.0
Ca(NO2)2,CsNO2,73.9,354.0
KCl,LiCl,42,354.0
KBr,PbBr2,46,355.0
BeCl2,CaCl2,85,355.0
BeF2,LiF,52,356.0
TeBr4,Tl2TeBr4,10,356.0
TlCl,Tl2SO4,77.3,358.0
KI,PbI2,52.9,358.0
K2CrO4,KOH,8.1,358.0
TlCl,Tl2SO4,54,358.0
CdCl2,CdI2,30,359.0
NaBr,PbI2,20.6,359.0
NaCl,YCl3,45,360.0
CuCl2,KCl,54,360.0
MgCl2,TlCl,27.5,360.0
KBr,LiCl,39,360.0
CdI2,PbI2,70,360.0
KI,ZnSO4,65.8,360.0
K2CrO4,KOH,7.8,360.0
LiOH,RbOH,70.5,360.0
BiCl3,TlCl,12.5,360.0
MgCl2,TlCl,27.5,361.0
CdBr2,CsCl,68.1,361.0
NaCl,ThCl4,69.5,361.0
CoCl2,CuCl2,25.6,362.0
CsCl,CsNO3,30.4,362.0
Ca(ClO4)2,KClO4,80,362.0
BeCl2,KCl,76,363.0
BeCl2,KCl,75.7,363.0
CdBr2,ZnBr2,21.2,364.0
KCl,NbOCl3,30,365.0
CuCl,InCl3,10,365.0
PbCl2,UCl4,67.9,365.0
NaCl,ThCl4,72,366.0
KCl,NbCl4,52,366.0
TlCl,TlCl3,74.4,366.0
KCl,K2Cr2O7,27.5,366.0
K2CO3,KOH,9.3,366.0
BeF2,CsF,77.5,367.0
CdBr2,PbCl2,28,367.0
CdBr2,NaBr,46,367.0
CdBr2,NaBr,47,367.0
CdBr2,NaBr,46,367.0
RbCl,UCl4,53,367.8
CoCl2,NaCl,39.5,368.0
KCl,NbCl5,56,368.0
CdCl2,RbCl,72.5,368.0
PbCl2,TlCl,42.9,368.0
ZrCl4,ZrI4,58,368.0
KCl,K2Cr2O7,25,368.0
KBr,PbBr2,45.5,368.0
AgVO3,TlVO3,16.5,368.0
LiCl,LiI,34.2,368.3
AgCl,InCl3,77,369.0
CoCl2,NaCl,36,370.0
DyCl2,NaCl,59.7,370.0
FeCl2,NaCl,44,370.0
KCl,TaCl5,52,370.0
RbCl,UCl4,42,370.0
BeCl2,TlCl,18,370.0
CdCl2,PbCl2,37,370.0
PbCl2,TlCl,40,370.0
CdBr2,NaBr,47,370.0
LiBr,Li2CrO4,55,370.0
K2CrO7,Rb2Cr2O7,50,370.0
BeCl2,TlCl,18,370.0
KOH,K2SO4,94,370.0
AgCl,InCl3,40,372.0
BaCl2,BeCl2,13,372.0
BaCl2,BeCl2,13,372.0
PbCl2,TlCl,14.9,373.0
CdBr2,CsBr,61.9,373.0
FeCl2,NaCl,44,374.0
InCl3,PbCl2,28,374.0
CsCl,UCl4,41,374.5
CsCl,NbOCl3,28,375.0
CsNO2,CaNO3,45,375.0
TeCl4,TlCl,12,375.0
KF,SnF4,52.8,375.0
KCl,ThCl4,55.5,376.0
CsI,PbCl2,71.8,376.0
CdBr2,TlBr,55,376.0
NaHSO4,NH4HSO4,29,376.2
AgCl,Ag2S,64.2,377.0
AgCl,Ag2Te,80,377.0
NaCl,UCl4,52,377.9
DyCl3,NaCl,55,378.0
CsCl,GaCl3,58,378.0
CuCl,CuCl2,87,378.0
AgF,ZnFn2,86,380.0
FeCl2,KCl,52.2,380.0
KCl,NbOCl3,33.2,380.0
PbBr2,PbCl2,36,380.0
NaCl,PbI2,15.7,380.0
AgCl,Ag2S,65,380.0
CsNO3,TlBr,85.2,380.0
Cs2O(Cs2CO3),V2O5,39,380.0
Rb2O,V2O5,39.5,380.0
Rb2O,V2O5,41,380.0
Na2SO4,TIVO3,1,380.0
AgBr,AgI,79,380.0
CsCl,LiCl,58,381.0
NaCl,TbCl3,55,382.0
CsCl,PbI2,54.5,382.0
Li2Cr2O7,Na2Cr2O7,70,382.0
PbF2,PbI2,10,383.0
NaCl,NbOCl3,33.4,383.0
CdCl2,KCl,66.7,383.0
CsBr,TlCl,28,383.0
Li2CrO4,Na2CrO4,68.5,383.0
Li2CrO4,Na2CrO4,68.5,383.0
KCl,ThCl4,57.2,384.0
CdBr2,CsBr,64,384.0
AgCl,Tl2SO4,86,384.0
NaBF4,NaF,92,384.0
CdCl2,PbCl2,36.5,385.0
CsI,PbCl2,15.7,385.0
CdBr2,CdI2,8,385.0
CdBr2,CsI,26.2,385.0
CuBr,CuI,82.5,385.0
PbI2,PbTe,99,385.0
CdCl2,PbCl2,30,385.0
CsCl,PbI2,77.7,386.0
TlBr,Tl2SO4,73,386.0
CdCl2,NaCl,55,387.0
CdCl2,KCl,38,388.0
CdBr2,TlCl,59.4,388.0
LiCl,PbCrO4,72.6,388.0
CsNO3,TlI,90.9,388.0
CdCl2,PbCl2,35,389.0
NaCl,SmCl3,51,390.0
CsCl,TlCl,25,390.0
InCl2,TlCl,13,390.0
LnCl3,TlCl,6.4,390.0
AgCl,Ag2WO4,82.3,390.0
AgI,NaI,75,390.0
LiH,LiI,23.5,390.8
CdCl2,NaCl,55,392.0
LiCl,TlBr,23,392.0
CuCl,Cu2S,89.2,392.0
CdBr2,TlBr,59,392.0
BeF2,CsF,58.4,393.0
CaCl2,CuCl,10.8,393.0
CsI,TlCl,61,393.0
Ba(ClO4)2,KClO,71,393.0
Ca(NO2)2,Ca(NO3)2,94,393.0
K2CrO4,K2Cr2O7,1,393.0
NaCl,YCl3,55,394.0
KBr,ZnSO4,67.5,395.0
Na2CrO4,Rb2CrO,98.5,395.0
NaBH4,NaH,45.8,395.0
GdCl3,NaCl,60,396.0
CdCl2,TlCl,62,396.0
PbCl2,UCl4,81.8,396.0
CdCl2,TlBr,62.6,396.0
Ag2S,Cu7Sb2S6,80.3,396.0
CSNO3,Cs2SO4,98,396.0
TlI,Tl2SO4,80,396.0
NaCl,ThCl4,56,397.0
CdI3,CsBr,25.8,397.0
MoO3,Na4P2O7,51,397.0
NaCl,NbOCl3,54.9,397.9
LiCl,Na2TiF6,87.6,398.0
KCl,LuCl3,40,398.0
CsI,TlI,23,398.0
KBF4,KF,64.8,400.0
LiCl,PbCl2,34.5,400.0
LiCl,PbCl2,36,400.0
NbOCl3,RbCl,62,400.0
CdCl2,TlCl,65.5,400.0
CdCl2,TlCl,66,400.0
InCl3,PbCl2,44,400.0
InCl,TlCl,8,400.0
CsCl,TlBr,27.5,400.0
LiBr,LiH,71,400.0
Rb2TeO3,TeO2,17,400.0
KSbSe2,Sb2Se3,35,400.0
NH4HSO4,(NH4)2SO4,12.8,401.7
BaCl2,Ca(NO3)2,41.7,402.0
PbCl2,PbO,70,402.0
CuCl,LiCl,80,403.0
KCl,ThCl4,47.5,403.0
CdCl2,CsBr,28.6,405.0
CuCl,MgCl,98,405.0
LiCl,ThCl4,68,405.0
LiCl,PbCl2,36,406.0
CuCl,MgCl2,96,406.0
CsI,TlI,26,406.0
NaCl,PbCl2,31.1,406.0
LiCl,YCl3,56,407.0
PbCl2,RbCl,61,407.0
CdBr2,CsBr,43,407.0
HfF,KF,40,408.0
CuCl,MgCl2,98.7,408.0
MnCl2,PbCl2,30,408.0
CdBr2,CsCl,43.4,408.0
CuBr,CuCl,30,408.0
Ba(NO3)2,NaCl,62,408.0
AgVO3,TIVO3,72,408.0
Li2CrO4,Na2CrO4,46.5,408.0
CoBr,InBr3,86,408.0
Li2CrO4,Na2CrO4,46.5,408.0
CaCl2,Ca(NO3)2,42.5,409.0
KNO2,K2WO4,92,409.0
KBF4,KF,65.6,410.0
ErCl3,NaCl,46,410.0
NaCl,PbCl2,28.3,410.0
KCl,NbOCl3,54,410.0
KCl,PbCl2,49,410.0
CdCl2,RbCl,37.5,410.0
CdCl2,RbCl,68.5,410.0
PbCl2,RbCl,76,410.0
CdCl2,CuCl,15,410.0
CdCl2,TlCl,66.6,410.0
CdBr2,CsCl,31.6,410.0
CdI2,CsI,29,410.0
K2O,V2O5,40,410.0
TlPO3,Zn(PO3)2,94,410.0
LiF,LiI,16.5,411.0
NaCl,PbCl2,30,411.0
CdCl2,CsBr,73.9,411.0
CsBr,PbCl2,17.3,411.0
RbCl,TlI,19,411.0
NaCl,TlCl,15,412.0
NaCl,TlCl,6,412.0
Rb2TeO3,TeO2,22,412.0
Na2O,TeO2,28,413.0
Li2Cr2O7,Na2Cr2O7,45,413.0
HoCl3,NaCl,47,414.0
PbCl2,RbCl,41,414.0
PbCl2,TlCl,73.9,414.0
K2MoO4,KNO2,8,414.0
NaCl,ZrF4,55,415.0
DyCl3,KCl,50,415.0
AgI,LiI,20,415.0
Ag2CrO4,Li2CrO4,60,415.0
K2CrO4,Li2CrO4,26,415.0
NaCl,NaReO4,80,415.0
LiCl,UCl4,54,415.3
ErCl3,KCl,50,416.0
KCl,ThCl4,43.2,416.0
KCl,YCl3,55,416.0
SrCl2,TlCl,12.5,416.0
AgBr,AgCl,74.1,416.0
LiCl,ThCl4,65,417.0
RbI,TlCl,11.5,417.0
LiBr,LiI,40,418.0
Na2CrO4,Rb2CrO4,98,418.0
CaCl2,TlCl,7.5,419.0
CsI,PbCl2,57.1,419.0
HfF4,KF,40,420.0
HfF4,KF,57,420.0
MnCl2,NaCl,47,420.0
KCl,MnCl,67,420.0
BaCl2,InCl3,40,420.0
CaCl2,TlCl,7.5,420.0
CdCl2,CsBr,42.8,420.0
Na2O,TeO2,38,420.0
KCl,PbCl2,22.2,421.0
FeCl2,PbCl2,28.5,421.0
CdBr2,CsBr,42.3,421.0
CsCl,PbCl2,10,422.0
KCl,YbCl3,55,423.0
TlBr,TlCl,40,423.0
K2SO4,TlCl,2,423.0
HoCl3,NaCl,53,424.0
CoCl2,PbCl2,23.5,424.0
AgCl,Li2CrO4,98.9,424.0
AgCl,Li2CrO4,99,424.0
TeBr4,TlBr4,82,424.0
CsF,ZrF4,58,425.0
MnCl4,NaCl,50,425.0
NaCl,YCl3,55,425.0
TlBr,TlCl,35,425.0
MgI2,NaI,39,425.0
UCl4,UF4,65,426.0
ErCl3,KCl,56,426.0
KCl,TlCl,7.5,426.0
CdCl2,InCl3,49.5,426.0
MgCl2,ZrCl4,3.45,426.0
KPO3,KVO3,40,426.0
CoCl2,KCl,30.5,427.0
Na2SO4,TlCl,1.5,427.0
Li2CrO4,LiOH,47,427.0
KCl,MnCl2,65,428.0
KCl,McCl2,66,428.0
Li2SO4,TlCl,1.1,428.0
AgCl,KVO3,98.5,428.0
CsI,NaBr,54,428.0
CsI,NaI,51.5,428.0
NaI,TlI,12.5,428.0
KPO3,KVO3,57.2,428.0
LiCl,UCl4,63,429.0
KCl,PbCl2,23.5,429.0
RbCl,TlCl,14,429.0
NaBr,UBr3,63,429.0
LiF,LiOH,20,430.0
MgCl2,NaCl,44,430.0
NaCl,NdCl3,58.8,430.0
KCl,MgCl2,66,430.0
KCl,YCl3,50,430.0
CoSO4,NaCl,29,430.0
CsBr,NaI,55.5,430.0
K2SO4,V2O5,63,430.0
MgCl2,PbCl2,18,430.0
InBr3,NiBr2,98,430.0
CsF,CsI,53.5,430.0
PbS,TlSbS2,3.5,430.0
LiF,LiOH,20,430.0
AgCl,NaVO3,99,431.0
MgBr2,NaBr,59,431.0
RbI,TlI,80,431.0
KCl,ThCl4,48,432.0
KCl,MgCl2,65.2,433.0
KCl,ZnCl2,69,433.0
CsI,PbI2,60.6,434.0
KCl,MgCl2,66.6,435.0
BaCl,TlCl,100,435.0
KI,ZnSO4,47.3,435.0
NaCl,UCl4,70,435.4
KCl,YCl3,56,436.0
MnCl2,RbCl,29,436.0
AgCl,LiVO3,99.5,436.0
AgCl,Na2MoO4,97.5,436.0
CrCl2,NaCl,46.3,437.0
KCl,MgCl2,66.7,437.0
KI,TlI,10,438.0
CsBr,CsF,51.5,438.0
AgCl,CdCl2,56,438.0
CdBr2,CsBr,25,439.0
CsCl,CsF,51,440.0
LiCl,TeO2,23.8,440.0
PbCl2,SnS,82.6,440.0
BaI2,SrI2,23,440.0
K2SO4,ZnSO4,43,440.0
KCl,YCl3,54,440.0
KBF4,KF,76,441.0
PbCl2,PbS,75.3,441.0
K2SO4,Na2SO4,75,441.0
MgCl2,NaCl,43.8,442.0
CdCl2,RbCl,31,422.0
CdCl2,RbCl,36,422.0
CsCl,TaCl5,63.5,442.0
AgCl,Na2CrO4,97.5,442.0
CdBr2,CsBr,25,442.0
Li2CO3,LiOH,10.2,442.0
RbBF4,RbF,68.5,442.0
AgCl,Na2WO4,98,444.0
KCl,ScCl3,51,445.0
KCl,ScCl3,52,445.0
Ag2S,Cu6As4S6,92.8,445.0
BeF2,RbF,74,445.0
MnCl2,RbCl,27,446.0
AgCl,LiBr,85,446.0
NaVO3,RbVO3,40,446.0
LiAlF,LiCl,8.3,446.0
KBF4,ZrO2,90,447.0
CsCl,NaI,75,447.0
LiF,RbF,49.5,448.0
LiBr,LiF,75,448.0
KCl,MnCl2,36,448.0
AgCl,CaCl2,82.6,448.0
Na2SO4,TlBr,0.5,448.0
BeF2,CsF,48,449.0
KCl,MnCl2,36,449.0
AgCl,Li2WO4,99,449.0
AgS,Cu6As4S6,82.6,449.0
LiF,RbF,50,450.0
LuCl3,NaCl,40,450.0
MgCl2,NaCl,40,450.0
KCl,MnCl2,35,450.0
CsCl,ThCl4,45.5,450.0
BaCl2,CdCl2,43,450.0
CsBr,PbCl2,68.8,450.0
LiCl,LiH,68,450.0
PbCl2,PbS,80,450.0
BaBr2,SrI2,20,450.0
BaI2,SrI2,20,450.0
Li2CrO4,LiOH,63.9,450.0
K2SO4,ZnSO4,57,450.0
BaCl2,CdCl2,43,450.0
KBeF3,KPO3,20,452.0
NaCl,VCl3,71,452.0
AgCl,MgCl2,87.5,452.0
CsCl,PbBr2,68,452.0
NaBr,TlBr,25,452.0
KVO3,NaVO3,79,452.0
LiBr,LiF,70.7,453.0
NaCl,PuCl3,64,453.0
PbCl2,PbS,75,453.0
LiBr,SrBr2,67.5,453.0
LiBr,LiH,70.3,453.0
PbCl2,PbF2,90,454.0
NaCl,YbCl3,40,454.0
HoCl3,KCl,45,454.0
MnCl2,RbCl,33,454.0
CsVO3,NaVO3,57.5,454.0
LiCl,TiCl3,83,454.0
KBeF3,KPO3,20,455.0
KCl,KTaOCl4,14.5,455.0
K2SO4,V2O5,55,455.0
BeF2,LiF,20,456.0
BeF2,LiF,33.3,456.0
KCl,Li2SO4,48.5,456.0
KCl,Li2SO4,42.5,456.0
CaCl2,PbCl2,21,457.0
AgVO3,KVO3,82,457.0
KI,KIO3,41,457.0
FeCl2,RbCl,40.5,458.0
CdCl2,CsCl,36,458.0
CdCl2,CsCl,70.9,458.0
Na2O,TeO2,16.7,458.0
Cs2MoO4,MoO3,55,458.0
MgCl2,RbCl,29,459.0
MgCl2,PbCl2,19,459.0
KBr,TlBr,12.5,459.0
KBr,TlBr,13,459.0
KF,PbF2,59.6,460.0
LiF,Li2CrO4,25,460.0
KCl,SmCl3,40,460.0
MnCl2,RbCl,69,460.0
CsCl,ThCl4,54.2,460.0
MnCl2,TlCl,62,460.0
CsBr,NaBr,62.5,460.0
KPO3,LiPO3,35,460.0
K2CO3,MgCO3,57Â±3,460.0
BaMoO4,LiCl,82.2,460.0
BaMoO4,LiCl,17.2,460.0
RbBr,TlBr,26,460.0
LiCl,PuCl3,72,461.0
FeCl2,RbCl,30,461.0
CuSO4,K2SO4,45,461.0
PbCl2,PbF2,57,461.5
K2TiF6,LiCl,37,462.0
K2TiF6,LiCl,5.5,462.0
NaCl,TiCl3,60,462.0
CrCl2,KCl,41.5,462.0
K2UCl6,UOCl2,57,462.0
AgVO3,KVO3,23,462.0
FeCl2,RbCl,64,463.0
CS2MoO4,MoO3,49.5,463.0
CrCl2,KCl,39.5,464.0
KCl,NbOCl3,68.5,464.0
KCl,TbCl3,55,464.0
CoCl2,RbCl,42.7,464.0
RbCl,SmCl3,55,464.0
CdCl2,Li3VO4,85,464.0
K4P2O7,KVO3,22.5,464.0
KF,PbF2,58,465.0
CsF,ZrF4,45,465.0
BeF2,PbF2,32,465.0
CsBr,PbBr2,68.4,465.0
CrCl2,KCl,61,466.0
CoCl2,RbCl,58.3,466.0
KCl,ZnSO4,34.4,466.0
LiMoO4,Na2MoO4,51,466.0
CsBr,NaBr,58,466.0
CrCl2,KCl,39,467.0
KCl,MgCl2,42,467.0
CaCl2,PbCl2,34,467.0
Cs2O(Cs2CO3),V2O5,21.5,468.0
KPO3,LiPO3,60,468.0
K2CO3,Li2CO3,41,468.0
TeO2,V2O5,75.5,469.0
LiF,RbF,56,470.0
NaF,ZrF4,56,470.0
CrCl2,KCl,33.3,470.0
KCl,K2VOCl4,18.5,470.0
KCl,MgCl2,42.8,470.0
CdCl2,CsCl,21.9,470.0
BaCl2,ZnCl2,44,470.0
KBr,ZnSO4,41.3,476.0
K2CO3,KO2,12.8,470.0
AgPO3,NaPO3,80,470.0
AgPO3,Mg(PO3)2,97.5,470.0
PbO,TeO2,26,470.0
CsCl,UCl3,76,470.0
AgPO3,Ca(PO3)2,85,4710.0
K2TiF6,LiCl,15,472.0
K2TiF6,LiCl,63.8,472.0
CrCl2,KCl,64,472.0
CdCl2,RbCl,25,472.0
MgCl2,RbCl,35.5,472.0
PbCl2,PbSO4,96.5,472.0
Na2SO4,ZnSO4,45,472.0
LiCl,Na2TiF6,55.7,473.0
LiCl,Na2TiF6,92.6,473.0
CrCl2,KCl,30.3,473.0
CrCl2,KCl,60,474.0
LiBr,Li2SO4,73,474.0
K2CO3,Li2CO3,56,474.0
CsVO3,KVO3,47.5,474.0
Ag2SO4,Tl2SO4,67,474.0
CaCl2,LiCl,36,475.0
CaCl2,LiCl,37,475.0
CrCl2,KCl,30,475.0
SrBr2,SrI2,32.5,475.0
NaI,RbI,50,475.0
BaI2,SrI2,17,475.0
PbO,V2O5,50,475.0
K2SO4,ZnSO4,23,475.0
Ga2S3,Sb2S3,27,475.0
CsCl,PbCl2,56,476.0
CdCl2,InCl3,51,476.0
LiBr,Li2CO3,87.3,476.0
LiPO3,NaPO3,50,476.0
PbCl2,Pb3(VO3)2,94,476.0
BeF2,PbF2,21,477.0
CaCl2,LiCl,36,477.0
LiCl,Li2SO4,63.5,478.0
PbCl2,PbSO4,4,478.0
Na2SO4,ZnSO4,57.5,478.0
CsF,LiF,60,479.0
MnCl2,RbCl,70,479.0
PbF2,K2SO4,77.5,480.0
CaCl2,LiCl,39,480.0
NaCl,ScCl3,62,480.0
KCl,NdCl3,50,480.0
CsCl,Cs2VOCl3,32.5,480.0
AgI,CuI,48,480.0
CaO,P2O5,8,480.0
Cu2S,Na2S,39.8,480.0
Cs2MoO4,Na2MoO4,42.5,480.0
K2SO4,MoO3,40,480.0
RbI,TlCl,64.5,481.0
CdCl2,UCl4,54.2,481.5
LiCl,Na2TiF6,37.7,482.0
LiCl,Na2TiF6,38,482.0
KCl,SmCl3,44,482.0
CsCl,NaBr,62.5,482.0
LiCl,Li2SO4,63.5,482.0
SrCl2,Sr(NO3)2,53,482.0
CsBr,NaBr,57,482.0
LiCl,Li2SO4,46.5,482.0
KBF4,K2ZrF6,68,483.0
KCl,PrCl3,43,483.0
BaBr2,LiBr,25,483.0
LiCl,LiF,69.5,484.0
LiCl,Li2SO4,64.4,484.0
K2MoO4,MoO3,47.6,484.0
K2CO3,K2Mo4O13,54,484.0
KVO3,NaVO3,86,484.0
NaF,ZrF4,48,485.0
PbF2,RbF,32,485.0
LiCl,LiF,73.6,485.0
LiCl,LiF,80,485.0
RbCl,Rb2VOCI4,43,485.0
Li2WO4,Na2WO4,48,485.0
CsCl,NaCl,65,486.0
LiCl,LiH,63,486.0
NaBr,SrBr2,56,486.0
MoCl3,NaCl,52.5,486.0
KF,LiF,50,487.0
LiCl,SrCl2,63,487.0
CeCl3,NaCl,47,487.0
AgCl,LiBr,26,487.0
LiCl,LiF,70,488.0
LiCl,SrCl2,67.7,488.0
CeCl3,NaCl,32.5,488.0
KCl,SmCl3,50,488.0
CdCl2,CsCl,36,488.0
CdCl2,CsCl,71,488.0
K2CO3,Li2CO3,38,488.0
K2CO3,K2Mo4O13,44,488.0
CsF,LiF,47.5,490.0
CsF,LiF,48,490.0
NaF,NaPO3,25,490.0
CaCl2,NaCl,55,490.0
CsCl,NaCl,65.5,490.0
EuCl3,KCl,15,490.0
KCl,SmCl3,25,490.0
CdCl2,InCl3,56,490.0
LiCl,Li2WO4,58.5,490.0
SrI2,Sr3N2,99.5,490.0
Li2SO4,RbCl,21,490.0
RbI,SbI3,72,490.0
LiCl,UCl3,74,490.0
CaCl2,LiCl,33.3,491.0
KF,LiF,50,492.0
KF,LiF,50.5,492.0
CaF2 ,LiCl,17.6,492.0
CaF2,LiCl,17.7,492.0
NaCl,K2ZrF6,32,492.0
KF,KVO3,12,492.0
CaCl2,LiCl,36.3,492.0
CsCl,Cs2VOCl4,66,492.0
KCl,KVO3,17,492.0
Li2WO4,Na2WO4,52,492.0
CsBr,Cs2CO3,65,492.0
CsCl,NaCl,65,493.0
CsCl,NaCl,66,493.0
CdWO4,LiCl,14.9,493.0
Rb2O,V2O5,21.5,493.0
CsCl,CsI,52,493.0
PbF2,PbO,54,494.0
CaCl2,NaCl,52.9,494.0
GdCl2,KCl,55,494.0
CsI,KI,79,494.0
KBF4,KF,80,495.0
BeF2,CaF2,89,495.0
CaCl2,NaCl,53.8,495.0
CsCl,NdCl3,50,495.0
NaBr,RbBr,45,495.0
NaBr,RbBr,46.5,495.0
Ca(NO3)2,Sr(NO3)2,59.3,495.0
LiCl,LiH,66,495.6
KI,K2ZrF6,44,496.0
CaCl2,LiCl,38,496.0
PuCl3,UCl3,56,496.0
CsI,NaCl,65,497.0
BaCl2,Ba(NO3)2,37.3,497.0
AgPO3,NaPO3,43,497.0
Ag2SO4,Tl2SO4,67,497.0
NaF,PbF2,32,498.0
LiCl,LiF,70,498.0
CaCl,FeCl2,20.7,498.0
LiCl,Li2MoO4,58.1,498.0
Rb2O,V2O5,21,498.0
K2CO3,Li2CO3,57.3,498.0
CsI,RbCl,55.5,498.0
Li2SO4,RbCl,47.5,498.0
CeCl3,NaCl,46,499.0
CaCl,MnCl2,79.5,499.0
Li2SO4,NaCl,58.7,499.0
MnCl2,SrCl2,45,499.0
Li2CO2,Na2CO3,53.3,499.8
HfF4,NaF,42,500.0
NaF,ZrF4,59.5,500.0
CaF,PbF2,72,500.0
CdCl2,LiCl,60,500.0
CdCl2,LiCl,70,500.0
K2NbCl5,LiCl,32,500.0
CaCl2,NaCl,52.8,500.0
EuCl3,KCl,45,500.0
KCl,TbCl3,15,500.0
MnCl2,SrCl2,36,500.0
NaCl,NiSO4,75,500.0
CuI,InI3,92.5,500.0
PbO,PbTeO3,72,500.0
Na2SO4,UO2SO4,41.9,500.0
Ba(NO3)2,Ca(NO3)2,52,500.0
Li2CO3,Na2CO3,0.5,500.0
BaTiO3,KVO3,74,500.0
CdCl2,CdS,73.6,500.0
NaBr,RbCl,36.5,500.0
Rb2TeO3,TeO2,89,500.0
KVO3,Mg(VO3)2,25,500.0
CsCl,CsReO4,38,500.0
CuI,Nb3I8,71.6,500.0
RbCl,UCl3,55,500.0
Ag2SO4,Tl2SO4,38,500.0
LiCl,LiF,69.5,501.0
CoCl2,CsCl,65,501.0
CsF,CsVO3,24.5,501.0
LiF,ZrF4+,50,502.0
CdCl2,LiCl,60,502.0
CdCl2,SrCl2,58,502.0
CsCl,CsI,53,502.0
Li2SO4,Tl2SO4,24.5,502.0
CdCl2,LiCl,60,502.0
CdCl2,SrCl2,58,502.0
NaF,ZrF4,58,502.0
CoCl2,RbCl,28,503.0
RbCl,YCl3,54,503.0
BaCl2,MnCl2,37,503.0
CsCl,RbI,44.5,503.0
CeCl3,NaCl,34,503.0
RbI,RbIO3,60,503.0
AgI,Tl2SO4,97,504.0
Li2CO3,Rb2CO3,64,504.0
CeCl3,NaCl,36.7,505.0
CsCl,NbOCl3,70.9,505.0
Bi2Te3,Tl9BiTe6,30,505.0
K2SO4,V2O5,31,505.0
BaBr2,Ba(NO3)2,39,506.0
InSb,InTe,86.7,506.4
LiF,ZrF4,51,507.0
CsCl,MnCl2,73,507.0
LiCl,Li2CO3,75.6,507.0
LiBr,NaBr,83,507.0
LiBr,NaBr,84,507.0
KVO3,Mg(VO3)2,40,507.0
NaCl,VCl3,63,508.0
CsCl,FeCl2,78.6,508.0
CsCl,FeCl2,79,508.0
KI,NaCl,57.5,508.0
CsI,CsIO3,67,508.0
Cs2CrO4,PbCrO4,61,508.0
NaCl,UCl3,68,508.0
Ca(NO3)2,K2CrO4,99,508.0
NaF,ZrF4,52,510.0
BaCl2,LiCl,33,510.0
BaCl2,LiCl,34.9,510.0
DyCl3,KCl,88.5,510.0
MgCl2,RbCl,65,510.0
CsCl,CsNbOCl5,40,510.0
CsCl,SbCl3,67.5,510.0
CsCl,SmCl3,55,510.0
CsCl,YCl3,48,510.0
KI,NaCl,57,510.0
CsCl,CsPO3,47,510.0
CdCl2,CdSe,78,510.0
K2SO4,MoO3,22,510.0
Ag2SO4,Tl2SO4,37,510.0
CsCl,MgCl2,78.5,511.0
NaF,ZrF4,50.5,512.0
BaCl2,LiCl,25,512.0
CdCl2,LiCl,33,512.0
CsCl,NaI,23,512.0
KCl,NaI,30,512.0
NaI,RbI,47.5,512.0
Rb2O,V2O5,54,512.0
CaSO4,LiCl,14,512.0
CaCrO4,Ca(NO3)2,2,512.0
K2MoO4,Li2MoO4,32.5,513.0
CsCl,UCl4,78,513.3
BaCl2,LiCl,30,514.0
RbCl,ScCl3,47,514.0
CaSO4,LiCl,14.4,514.0
LiBr,NaBr,79,514.0
KI,RbI,37,514.0
NbOCl3,RbCl,48,515.0
CrCl2,CsCl,19.1,515.0
NaCn,NaI,69.6,515.0
CsI,KI,55,516.0
Sb2S3,SnS2,78,516.0
CdCl2,LiCl,33,517.0
CsCl,MnCl2,31,517.0
KCl,Na2SO4,60.9,517.1
CrCl2,CsCl,19.5,518.0
CsCl,MgCl2,73.5,518.0
KCl,Na2TiF6,29.4,519.0
KCl,NaI,60,519.0
KPO3,Pb(PO3)2,47.5,519.0
MnCl2,MnF2,62.5,520.0
PbF2,PbSO4,73.5,520.0
Na2BeF4,Na3PO4,75,520.0
KCl,TaCl3,68,520.0
CsCl,SbCl3,82.5,520.0
CsCl,YCl3,51,520.0
FeCl2,InCl3,35,520.0
CsBr,SbBr3,85,520.0
Ba(PO3)2,NaPO3,3,520.0
KF,K2TaCl5,12.5,520.0
CoCl2,CsCl,42.75,521.0
LiBr,LiCl,58.1,521.0
CsCl,FeCl2,62,522.0
CsCl,FeCl2,73.5,522.0
LiBr,LiCl,59,522.0
LiBr,LiCl,60,522.0
CsCl,CsVO3,30,522.0
CrCl2,RbCl,24.5,523.0
CeCl3,CsCl,50,524.0
CsCl,FeCl2,61.5,524.0
LiCl,SrSO4,85.7,524.0
K2SO4,Li2SO4,18,524.0
Cs2CrO4,PbCrO4,53.5,524.0
BeF2,PbF2,90,525.0
LaCl3,NaCl,22,525.0
LaCl3,NaCl,25,525.0
CrCl2,RbCl,65.8,525.0
CoCl2,InCl3,51,525.0
Na2S,PbS,58.5,525.0
Cs2MoO4,MoO3,27.5,525.0
CeCl3,KCl,49.3,526.0
CsCl,MnCl2,63.5,526.0
K2MoO4,MoO3,18.7,526.0
Li2SO4,Tl2SO4,73.5,526.0
BeF2,ThF4,98,527.0
CaCl2,YCl3,50,527.0
BeF2,MgF2,95,528.0
K2TiF6,NaCl,32.1,528.0
RbCl,RbTaOCl4,33,528.0
RbCl,SrCl2,74,528.0
CoCl2,CsCl,18,528.0
KCl,Na2SO4,58.6,528.0
CaCrO4,LiCl,13.3,528.0
BeCl2,KCl,28,528.0
BeCl2,KCl,27.5,528.0
KCl,Na2TiF6,49.5,529.0
KCl,UCl4,76,529.0
Ag2SO4,Ag2WO4,55,529.0
K2TiF6,NaCl,30.3,530.0
CsF,Cs2CO3,57,530.0
NaCl,NbCl4,70,530.0
CsCl,CsTaOCl4,59.5,530.0
Na2O,V2O5,41,530.0
K2SO4,Li2SO4,20,530.0
Cs2CrO4,Na2CrO4,38,530.0
CdCl2,CdSO4,83,530.0
CsBO2,NaCl,78.5,530.0
K2MoO4,ZnMoO4,45,530.0
Al2O3,KVO3,0,530.0
PbO,TeO2,47,530.0
CaCl2,LiCl,44.4,531.0
LiF,Li2SO4,44,532.0
KCl,LiWO4,61,532.0
K2SO4,Li2SO4,19,532.0
PbBr2,PbF2,25,533.0
RbCl,TiCl3,30,533.0
CaSO4,LiCl,14.3,533.0
KCl,Na2TiF6,68.7,534.0
CsCl,LaCl3,55,534.0
KBr,SrBr2,50,534.0
LiCoO3,LiSO4,38.5,534.0
BeF2,UF4,99.5,535.0
LiF,Li2SO4,43,535.0
KCl,TiCl3,50,535.0
CsCl,ZnCl2,82.5,535.0
MgCl2,SrCl2,55,535.0
K2CrO4,NaCl,33.4,535.0
K2SO4,LiSO4,20,535.0
Ga2Se3,Sb2Se3,13,535.0
NaVO3,Sr(VO3)2,60,535.0
K2TiF6,NaCl,65,535.0
Na2SO4,UO2SO4,59,536.0
CsF,ZnF2,40,537.0
CsF,ZnF2,80,537.0
CrCl3,NaCl,33.5,537.0
CuSO4,Na2SO4,47,537.0
HfF4,NaF,52,538.0
CrCl3,LiCl,13,538.0
CaCrO4,LiCl,13.2,538.0
CsBO2,LiCl,82,538.0
Cs2O(Cs2CO3),V2O5,56,538.0
LiMoO4,MoO3,53.1,538.0
NaCl,ZrCl4,78.6,539.0
RbCl,RbF,52.5,540.0
HfCl4,NaCl,26.6,540.0
CeCl3,KCl,54.7,540.0
GdCl3,KCl,85,540.0
CaCl2,CdCl2,15,540.0
CaCl2,CfCl2,15.5,540.0
FeCl2,YCl3,41.5,540.0
MgCl2,UCl4,30.7,540.0
CdCl2,CdSO4,85,540.0
LiCl,LiPO3,57,540.0
UCl4,UO2,91,540.0
Na2O,V2O5,58.5,540.0
K2CO3,K2Mo4O13,11,540.0
CdCl2,CdO,86,540.0
LiCl,NaCl,30,540.0
CaBr2,LiBr,39.9,540.0
CaBr2,LiBr,39.9,540.0
K2MoO4,KReO4,95,540.0
Mg(VO3)2,NaVO3,21,540.0
BeF2,CeF3,96,540.0
CaCl2,Na2TiF6,39.7,541.0
NaCl,RbCl,45,541.0
NaVO3,V2O5,71,541.0
NaVO3,V2O5,71,541.0
CoCl2,SrCl2,50,541.0
CsCl,MgCl2,63,542.0
Li2MoO4,LiVO3,14.3,542.0
Na2MoO4,NaVO3,36,542.0
NaVO3,V2O5,70,542.0
BaCl2,CsCl,27.6,543.0
CdCl2,Li2SO4,96.5,543.0
KCl,UCl3,50,543.0
KF,KI,34,544.0
CrCl3,NaCl,5,544.0
CaBr2,KBr,35,544.0
K2CrO4,Li2CrO4,54,544.0
LiVO3,Li2WO4,88.9,544.0
KReO4,K2WO4,5,544.0
CrCl2,RbCl,36.8,545.0
CsBO2,CsCl,47.5,545.0
UCl4,UO2,93.1,545.0
Bi2Te3,Tl9BiTe6,75,546.0
LiCl,NaCl,72.5,546.0
RbCl,UCl4,77,547.0
CoCl2,CsCl,26,547.0
K2MoO4,LiMoO4,60,548.0
LiCl,NaCl,75,548.0
NaCl,Na2ZrCl6,38.5,548.0
NaCl,ZrCl4,72,548.0
CsCl,MgCl2,30.6,548.0
CoCl2,Li2SO4,35,548.0
MoCl3,NaCl,37.5,548.0
Na2MoO4,NaVO3,19.8,548.0
CoCl2,LiSO4,35,549.0
NaCl,TiCl3,78,550.0
PbF2,RbF,55,550.0
K2ZrF6,NaCl,18,550.0
CsCl,NbOCl3,82,550.0
CsCl,SrCl2,85.7,550.0
CdBr2,CdCl2,60,550.0
CaCl2,CaI2,51.4,550.0
KBO2,LiCl,92,550.0
Li2O,V2O5,38,550.0
LiVO3,V2O5,76,550.0
Sb2Se3,SnSe,61.5,550.0
LiCl,SrMoO4,8.6,550.0
Na2CrO4,NaVO3,14.9,550.0
K2TaCl3,NaF,95,550.0
Ba(NO3)2,BaSO4,97.5,550.0
K2SO4,Li2SO4,23.5,551.0
LiCl,NaCl,75.5,551.0
LiCl,NaCl,76,551.0
CsCl,TiCl3,38,551.0
CdSO4,Li2SO4,45,552.0
NaCl,Na2ZrF6,51.8,552.0
KCl,UCl4,75,552.0
LiCl,TeO2,84,552.0
NaPO3,Sm2O3,99.8,552.0
KVO3,NaVO3,30,553.0
LiCl,NaCl,72,553.0
LiCl,NaCl,78.5,553.0
KCl,SmCl2,65,553.0
CsCl,Cs2SO4,83,553.0
CdCl2,CdMoO4,4.5,553.0
CsPO3,LiPO3,25,553.0
Sb2Se3,SnSe,54.5,554.0
CsF,ZnF2,57,554.0
KMnF3,NaCl,27,554.0
PbCl2,PBF2,25,554.0
KBr,K2ZrF6,56,554.0
KCl,LaCl3,47,554.0
InCl3,MgCl2,58,554.0
LiCl,TiCl3,30,555.0
K3ZrF7,NaCl,20,555.0
CoFe2O4,PbF2,14,555.0
LiCl,MnCl2,48,555.0
LiCl,NaCl,75,555.0
Cs3AlF6,Li3AlF6,40,555.0
BeCl2,CsCl,15.6,555.0
CsCl,TaCl3,80,556.0
KBr,SrBr2,71,556.0
PuCl4,RbCl,18,556.0
NaBr,Na2CrO4,52,556.0
LiCl,NaCl,77.5,557.0
CsCl,Cs4P2O7,87,557.0
KCl,YbCl2,27,558.0
BaCl2,MgCl2,43.25,558.0
CeO2,NaPO3,0.55,558.0
Ag2SO4,Li2SO4,31.5,559.0
LiF,ThF4,71,560.0
BeF2,NaF,31,560.0
CaCl2,Na2TiF6,20.3,560.0
K2TiF6,LiCl,70.1,560.0
NaCl,RbCl,45,560.0
HoCl3,KCl,80,560.0
KCl,SrCl2,55.1,560.0
KCl,YbCl2,67,560.0
RbCl,SmCl3,21,560.0
RbCl,CrCl2,77,560.0
RbCl,VCl3,46,560.0
CsCl,ScCl3,42,560.0
CsCl,SrCl2,85,560.0
CsCl,VCl3,46,560.0
BaCl2,MgCl2,3.5,560.0
CaCl2,ThCl4,54,560.0
SrI2,Sr3N2,75,560.0
CuMoO4,MoO3,32,560.0
AgWO4,Na2WO4,68,560.0
Sb2Se3,Sb2Te3,82,560.0
Na2SO4,Tl2SO4,43.5,560.0
CaCl2,UF4,53,560.0
RbCl,RbI,4.5,560.0
Al2O3,LiVO3,0.4,560.0
Al2O3,LiVO3,0.4,560.0
RbBr,Rb2CO3,70,560.0
CsCl,ThF4,53,560.0
K2WO4,Li2WO4,33.5,560.0
KCl,K2ZrF6,5,562.0
LiCl,ScCl3,85,562.0
CsCl,ThCl4,87,562.0
KBr,SrBr2,18,562.0
Fe2(SO4)3,Na2SO4,17.5,562.0
CrCl3,NaCl,21.5,563.0
NaCl,NiCl2,68,563.0
CaBr2,KBr,67.5,563.0
RbCl,RbI,45,563.0
CrCl3,NaCl,25.5,564.0
CsBr,KBr,57,564.0
CsPO3,LiPO3,80,564.0
CsBO2,CsBr,47.5,564.0
FeCl2,SrCl2,40.5,564.0
Li2MoO4,LiSO4,37.5,564.0
LiF,ThF4,77,565.0
AlF3,KF,45,565.0
CsF,PbF2,29,565.0
NaCl,SrCl2,50,565.0
NaCl,NaPO3,30,565.0
Li2SO4,MoO3,22,565.0
LiH,NaCl,55.2,565.7
CsI ,RbI,65,566.0
RbPO3,Zn(PO3)2,85,566.0
PbBr2,Rb2CO3,60.5,566.0
Bi2Te3,In2Te3,50,567.0
LiF,ThF4,71,568.0
AlF3,KF,40,568.0
K2CO3,NaF,45.2,568.0
K2CO3,NaF,49,568.0
RbCl,YCl3,23,568.0
CsCl,WCl5,89,568.0
InAs,Sn3As2,10,568.0
NaCl,Na2TiF6,42.1,569.0
CsCl,LaCl3,90,569.0
CsCl,ScCl3,43.5,569.0
LiF,ThF4,78,570.0
LiF,ZrF4,70.5,570.0
KBr,K2ZrF6,43.5,570.0
LiCl,MgCl2,60,570.0
CrCl3,NaCl,31.4,570.0
NbOCl3,RbCl,23,570.0
MgCl2,YCl3,40,570.0
CsBr,Cs2SO4,78.8,570.0
Bi2Te3,Ca2Te3,55,570.0
NaCl,Na2TiF6,36,570.0
RbCl,RbI,44,570.0
Ca(VO3)2,NaVO3,25,570.0
Bi2Te3,In2Te3,62,571.0
CsCl,ZrCl4,84.8,572.0
LiBO2,LiCl,19,572.0
K2WO4,Li2WO4,63.5,572.0
NaCl,NaI,38.5,573.0
BeCl2,RbCl,19.4,573.0
CsBO2,LiCl,5,574.0
BiCl3,KCl,24,575.0
KCl,SrCl2,55.6,575.0
KBr,TiBr3,60,575.0
MoO3,Na2SO4,58,575.0
BaV2O6,NaVO3,26.5,575.0
CaBr2,CsBr,15.6,575.0
CsCl,UCl3,44,575.0
KBr,KF,60,576.0
CsCl,KBr,65,576.0
RbBr,TiBr3,50,576.0
CsI,SbI3,80,576.0
CsCl,ThCl4,81,576.0
CsCl,SmCl3,15,577.0
CaCl2,Na2TiF6,76.9,577.0
CsCl,TiCl3,93,578.0
NaCl,NaI,36,578.0
RbBr,TiBr2,80,578.0
CsBr,CsI,52,578.0
KBr,KI,50,579.0
BeF2,NaF,30,580.0
BeF2,ZrF4,80.5,580.0
BaCl2,Na2TiF6,36.9,580.0
CaCO3,LiF,29.7,580.0
K2TaF7 ,Ta2O5,83.5,580.0
CrCl3,NaCl,32,580.0
KCl,LaCl3,80,580.0
KCl,SrCl2,70,580.0
KCl,SrCl2,70.1,580.0
KCl,VCl3,48,580.0
CaCl2,RbCl,17.5,580.0
CsCl,Cs2SO4,41.3,580.0
CsCl,Li2CO3,94.2,580.0
CsBr,TiBr2,87.5,580.0
KI,NaI,40,580.0
Li2SO4,Rb2SO4,87,580.0
Li2SO4,Rb2SO4,90,580.0
BaTiO3,NaPO3,0.35,580.0
CsBO2,LiBO2,72.5,580.0
CaMoO4,LiCl,96,580.0
CaBr2,RbBr,18,580.0
Li2SO4,MnSO4,35,580.0
CsF,MgF2,15,581.0
CaCl2,K2TiF6,59,581.0
KBr,KF,60,581.0
KCl,TiCl3,62.5,581.0
LaF3,RbF,21,582.0
CrCl3,NaCl,31,582.0
BaCl2,CsCl,49.7,582.0
CrCl2,CsCl,72,582.0
CsCl,NdCl3,90,582.0
PbTe,Sb2Te3,38,582.0
KBO2,LiBO2,44,582.0
NaCl,Na2ZrF6,51.7,583.0
CaCl2,KCl,25,583.0
CsV2O5,V2O5,59,583.0
Ag2SO4,K2SO4,67,583.0
CeCl3,CsCl,14,584.0
CsCl,YCl3,16.8,584.0
KCl,PbCrO4,71.8,584.0
LiBO2,LiCl,15,584.0
CsBr,TiBr3,90,584.0
Li2SO4,Na2SO4,63,584.0
LiBO2,LiCl,15,584.0
RbV2O5,V2O5,67,584.0
LiF,ZrF4,79,585.0
CaCl2,K2TiF6,94.6,585.0
CaCl2,NdCl3,57,585.0
SrBr2,Sr3N2,89,585.0
KI,NaI,42,585.0
K2TaF7,NaCl,30,585.0
CsBr,KBr,65,586.0
K2SO4,K2S,43,587.0
NaCl,NaMnF3,60.7,588.0
NaCl,NaMnF3,62.5,588.0
KCl,SrCl2,71.5,588.0
KCl,Na2CO3,50.2,588.0
KCl,Na2CO3,55.6,588.0
Cs2SO4,PbSO4,52,588.0
Li2SO4,Rb2SO4,80,588.0
AgWO4,Na2SO4,91,588.0
CaBr2,LiBr,58.7,588.0
CsCl,VCI3,93,589.0
KBr, KI,50,589.0
CaCl2,KCl,25,590.0
RbCl,WCl5,88,590.0
CsCl,HICl4,81.6,590.0
CsCl,NbCl2,87,590.0
CsCl,NbCl3,85,590.0
CsCl,YCl3,23,590.0
CsCl,YCl3,91.5,590.0
CaCl2,MnCl2,34.8,590.0
CaWO4,LiCl,3,590.0
KBH4,KCl,71,590.0
KBH4,KCl,70,590.0
LiCl,Li4P2O7,99.5,590.0
NaCl,NaVO3,23,590.0
MoO3,Na2B4O7,30,590.0
Na2B2O7,V2O5,35,590.0
Li2SO4,Rb2SO4,79,590.0
PbSO4,Tl2SO4,23.5,590.0
Na2WO4,ZnWO4,77.6,590.0
MoCl3,NaCl,20,590.0
UCl3,UF4,42,590.0
KCl,UCl3,50,590.0
CsBr,Cs2SO4,65,590.0
KCl,UCl3,84,590.0
CsCl,UCl3,55,590.0
CoSO4,Li2SO4,27.5,590.0
CsCl,TiCl3,88.5,591.0
CdF2,NaF,44.9,592.0
NaF,TmF3,73,592.0
RbCl,TaCl3,80,592.0
CsCl,TaCl4,90,592.0
CsCl,YCl3,91,592.0
K2CO3,K2W4O13,53,592.0
NaCl,Na2Cr2O7,30,592.0
CsBr,Cs2CrO4,82.5,592.0
CaCl2,FeCl2,44.5,592.0
CrCl3,NaCl,21.2,593.0
CrCl3,NaCl,21.5,593.0
CsCl,TiCl2,90,593.0
CaCl2,CaO,71.3,593.0
CsBr,TiBr3,27,593.0
Li2SO4,Li2WO4,68,593.0
GeTe,Sb2Te3,18,593.0
NaF,YbF3,74,594.0
CeCl3,KCl,19,594.0
KCl,K2ZrCl6,60,594.0
KCl,ZrCl4,75.8,594.0
BaCl2,CaCl2,36.5,594.0
CsBr,RbBr,85,594.0
CaCl2,KCl,25.7,594.0
CaCl2,KCl,25.7,594.0
LuF3,NaF,29,595.0
KI,K2SiF6,68,595.0
KCl,TiCl3,66.4,595.0
CsCl,NbCl4,90,595.0
LiCl,NiSO4,89.5,595.0
RbF,ZnF2,77,596.0
NaF,NaVO3,17.5,596.0
BaBr2,NaBr,42.8,596.0
Li2SO4,Na2SO4,63,596.0
CsCl,NaBO2,89,596.0
LiF,Li2TiF6,63,596.0
K3ScCl6,NaCl,24,596.0
K2SiF6,NaCl,40,597.0
CrCl3,NaCl,22.2,597.0
CaCl2,KCl,26.6,597.0
BaCl2,CaCl2,37,597.0
NaF,NaI,18,597.2
LiF,ZrF4,79,598.0
KF,Na2MoO4,19,598.0
BeF2,CsF,14,598.0
KCl,KI,49,598.0
LiCl,Li3VO4,97,598.0
LiF,ScF3,72.5,600.0
NaF,YbF3,72.5,600.0
CsF,LaF3,87.5,600.0
MgOMn(Fe2O4)3,PbF2,4,600.0
CaCl2,KCl,26.6,600.0
CsCl,SmCl3,92,600.0
BaBr2,NaBr,40,600.0
Bi2O3,MoO3,84,600.0
K2WO4,WO3,54,600.0
NaPO3,Nd2O3,99.5,600.0
Bi2S3,Ga2S3,71,600.0
KCl,Na2SO4,41.3,602.0
Bi2O3,PbO,29.5,602.0
KBO2,LiBO2,47.5,602.0
RbV2O5,V2O5,37,602.0
KPO3,MoO3,32.5,603.0
KF,KPO3,18,604.0
HfCl4,KCl,22.4,604.0
KCl,TeO2,23,604.0
RbBr,TiBr3,90,604.0
PbO,Sb2O3,78.4,604.0
RbV2O5,V2O5,23,604.0
CaCl2,Na2TiF6,62.8,605.0
CaCl2,Na2TiF6,94.4,605.0
KCl,KF,54,605.0
NaCl,TiCl2,67,605.0
NbCl3,RbCl,85,605.0
Li2MoO4,WO3,60,605.0
Na2WO4,PbWO4,75,605.0
LiF,ScF3,74.5,606.0
KCl,KF,55,606.0
KBr,K2SiF6,70,606.0
CsCl,KCl,64,606.0
NaCl,Na2MoO4,31.9,606.0
KBO2,LiBO2,43,606.0
CeCl3,FeCl2,35,607.0
LiF,MnF2,57,608.0
LiF,Li2CO3,49,608.0
FeCl2,NdCl3,59.8,608.0
CsBO2,NaBO2,68,608.0
BaBr2,KBr,52,609.0
CsF,NaF,76,610.0
K2ZrF6,Na2ZrF6,50,610.0
NaF,YF3,70,610.0
CaCl2,KCl,72,610.0
CeCl3,KCl,19.8,610.0
KCl,PrCl3,81,610.0
CaCl2,PuCl3,57,610.0
KBr,NaCl,48.5,610.0
KCl,NaBr,47.2,610.0
Li2CO3 ,NaCl,62.6,610.0
BaBr2,Ba3N2,12.5,610.0
Cs2SO4,Li2SO4,10,610.0
Ag2Se,Bi2Se3,90,610.0
CsBr,NaBO2,96.5,610.0
MgCl2,UF4,50,610.0
Al2O3,NaVO3,0.3,610.0
Al2O3,NaVO3,0.3,610.0
KF,PrF3,76,610.0
BaF2,CaCl2,10,611.0
NaF,Na2MoO4,20,611.0
NaF,Na2MoO4,20,611.0
MgFe2O4,PbF2,12,612.0
KCl,SrCl2,33,612.0
KCl,SrCl2,33.3,612.0
RbCl,TiCl3,83,612.0
CaCl2,CsCl,11,612.0
KCl,PbCrO4,46.1,612.0
CaCl2,CsCl,11.1,612.0
K2CO3,KI,24,612.0
CsF,Cs2Ti2O5,82,613.0
CsCl,ScCl3,92.5,613.0
CaCl2,CeCl3,78,613.0
CsBr,CsCl,57.5,613.0
CaBr,CsCl,58.5,613.0
NaBr,Na2CO3,62.5,613.0
BaTiO3,Pb(PO3)2,0.7,613.0
CaO,V2O5,13.5,613.0
KPO3,K4P2O7,80,613.0
NaF,NaPO3,52.5,614.0
NaF,Na2MoO4,20,614.0
KCl,PbCrO4,34.7,614.0
K3PO4,P2O5,23,614.0
CaCl2,CoCl2,54.3,614.0
CsF,NaF,80,615.0
CsF,ThF4,91,615.0
CsF,Cs3PO4,76,615.0
KCl,NbCl4,78,615.0
KCl,NdCl3,83.5,615.0
CaBr2,Ca3N2,90,615.0
NaB4O7,V2O5,12,615.0
Cs2SO4,Na2SO4,30,615.0
Mg(VO3)2,Sr(VO3)2,29,615.0
CaCl2,KCl,76,615.0
LiPO3,Mn(PO3)2,95,615.0
CaCl2,KCl,76,615.0
Bi2(MoO4)3,PbMoO4,71.5,615.0
RbF,Rb2CO3,66,616.0
CsCl,KCl,66,616.0
CsCl,ScCl3,92,616.0
PuCl3,SrCl2,52,616.0
CsBr,Li2CO3,98.5,616.0
Cs2SO4,Li2SO4,9,616.0
LiF,Li2MoO4,38,617.0
RbCl,TaCl4,82,617.0
RbBr,TiBr3,65,617.0
KBr,K2CO3,66.6,617.0
Na2WO4,ZnWO4,83.5,617.0
CsF,NaF,77,618.0
NaF,ThF4,77.5,618.0
CeCl3,KCl,30.2,618.0
CaCl2,CeCl3,45,618.0
KCl,K2WO4,61.6,618.0
Bi2O3,MoO3,18.5,618.0
MoO3,V2O5,60,618.0
RbCl,YCl3,88,619.0
CaCl2,CrCl2,58,619.0
NaF,ThF4,76,620.0
KF,LaF3,87.5,620.0
CsF,MnF2,29,620.0
NaF,NaI,20,620.0
Li4P2O7,NaF,16,620.0
Li4P2O7,NaF,16.4,620.0
LiCl,NiCl2,84.1,620.0
KCl,ThCl4,88.3,620.0
KCl,YCl3,85,620.0
BaCl2,RbCl,20,620.0
FeCl2,LaCl3,72.3,620.0
CsCl,SrSO4,96.4,620.0
Li2SO4,NiCl2,86.5,620.0
KCl,KPO3,20,620.0
Fe2(SO4)3,Na2SO4,18,620.0
Cu(PO3)2,KPO3,17,620.0
CaMoO4,CsCl,98.3,620.0
MgCl2,UF4,80,620.0
Li3AlF6,SrF2,45,620.0
CaBr2,LiBr,66.7,620.0
Na2WO4,ZnWO4,81,620.0
RbBr,Rb2CrO4,78,620.0
Na2MoO4,PbMoO4,72,620.0
CaCl2,MgCl2,39,621.0
KCl,K2WO4,63.9,621.0
CsF,CsVO3,83,621.0
KCl,ThCl4,82,622.0
CaCl2,CaCO3,70,622.0
KCl,K2MoO4,63,622.0
NaCl,Na2WO4,82,622.0
B2O3,Bi2O3,19,622.0
MoO3,V2O5,27,622.0
K2O,WO3,43.7,622.0
CrCl3,CsCl,5.5,623.0
BaTiO3,Pb3(PO4)2,16.5,623.0
BaTiO3,Pb(BO2)2,5,623.0
CdTe,Sb,1.2,623.0
KCl,K2CO3,70,623.0
BaCl2,CaCl2,54,624.0
CaCl2,CeCl3,75,624.0
LiP2O7,Na2MoO4,4.7,624.0
BaMoO4,MoO3,25,624.0
SrSO4,Tl2SO4,3,624.0
NaCl,Na2SO4,54,624.0
CsF,KF,57,625.0
KF,LaF3,78,625.0
KF,NdF3,77,625.0
Na2WO4,WO3,80,625.0
RbCl,SrCl2,38,626.0
MgCl2,NdCl3,36,626.0
KBr,NaBr,50,626.0
BaCl2,K2TiF6,25.5,627.0
NaF,Na2MoO4,15,627.0
RbF,Rb2CO3,49,627.0
MgCl2,NdOCl,67.2,627.0
BaF2,CsF,16,628.0
NaCl,Na2SO4,51.8,628.0
NaCl,Na2SO4,52.9,628.0
NaCl,Na2MoO4,59.1,628.0
Cs2SO4,Li2SO4,22,628.0
K2SO4,Ti2SO4,3,629.0
AgF,ZnF2,42,630.0
K2ZrF6,NaCl,79,630.0
CaCl2,KCl,73.9,630.0
NbCl4,RbCl,17,630.0
RbCl,SmCl3,89,630.0
RbCl,SrCl2,31.5,630.0
RbCl,TiCl2,85,630.0
CaCl2,LaCl3,28,630.0
KCl,Li2CO3,41.3,630.0
Bi2O3,V2O5,85,630.0
Cs2SO4,Li2SO4,20,630.0
GeSe,GeTe,64,630.0
CsCl,SrMoO4,1.4,630.0
CaCl2,UCl3,59,630.0
LiF,NaF,61,632.0
KCl,TiCl2,73,632.0
KCl,K2CO3,61.6,632.0
Li2SO4,PbSO4,78,632.0
ThCl4,UCl3,70,632.0
RbBr,Rb2SO4,71,632.0
RbBr,Rb2SO4,83,632.0
BaCl2,K2TiF6,66.2,633.0
K2O,WO3,47,633.0
BaCl2,RbCl,82,633.0
NaCl,Na2CO3,76.9,634.0
V2O5,ZnO,64,634.0
LiBO2,NaBO2,58,634.0
CsF,Cs2MoO4,85,635.0
K2BeF4,K3PO4,45,635.0
NaF,Na2WO4,20,635.0
CsCl,RbCl,88.5,635.0
Li2CO3,RbCl,56.2,635.0
NaCl,V2O5,50,635.0
KBr,TiBr3,80,635.0
Cu2S,Na2S,74.3,635.0
CdSO4,K2SO4,43.5,635.0
Li2SO4,PbSO4,80,635.0
CaCl2,UF4,83.5,635.0
K2WO4,ZnWO4,42,635.0
SrCl2,UCl3,31,635.0
KCl,K2SiF6,68,636.0
LiF,Li2WO4,51,636.0
KCl,K2CO3,65,636.0
Bi2O3,MoO3,27.5,636.0
Pb2CrO5,Pb2SiO4,19,636.0
NaCl,Na2WO4,19,637.0
BaCl2,RbCl,53,637.0
NaF,YF3,72,638.0
KF,KPO3,19,638.0
KBr,NaBr,50,638.0
CsF,Cs2WO4,84,639.0
K3AlF6,Li3AlF6,19,640.0
LiF,NaF,61,640.0
LiF,ZnF2,62,640.0
NaF,ZnF2,63,640.0
KCl,K2TiF6,70.8,640.0
NaCl,NaHfF7,59.1,640.0
KBr,NaF,77.8,640.0
BaCl2,NaCl,41.5,640.0
CaCl2,KCl,72.4,640.0
CaCl2,KCl,74.1,640.0
BaCl2,RbCl,43,640.0
CaCl2,CeCl3,76,640.0
CeCl3,ThCl4,39.4,640.0
FeS,Na2S,32.3,640.0
Al2(SO4)3,Na2SO4,17.6,640.0
GeSe,PbSe,65,640.0
BaO,MoO3,18.9,640.0
SrNb2O6,SrV2O6,8,640.0
PrF3,RbF,18,640.0
KCl,K2TiF6,43,640.0
CsF,Cs2CrO4,81,641.0
CaCl2,KCl,74.1,641.0
Cs2CrO4,CsF,19,641.0
NaBr,NaF,73,642.0
ErCl3,KCl,88,642.0
CsCl,VCl2,97.8,642.0
Ca(VO3)2,Sr(VO3)2,36,642.0
RbCl,Rb2SO4,65,642.0
RbCl,Rb2SO4,80,642.0
ErF3,NaF,27,643.0
KCl,SmCl3,83,643.0
Na2SO4,(NH4)2SO4,40,643.0
NaF,RbF,33,644.0
CaCl2,CaF2,80.5,644.0
KCl,NbCl3,80,644.0
KCl,SmCl3,83,644.0
LiCO3,NaBr,61.3,644.0
Cu(PO3)2,KPO3,51,644.0
K4P2O7,Na2MoO4,4.7,644.0
KCl,NaCl,50,645.0
BaCl2,KCl,42.7,645.0
KCl,SmCl3,82,645.0
CaCl2,TlCl,68,645.0
MgCl2,PrCl3,62,645.0
CaCl2,Na2SO4,91.5,645.0
V2O5,ZnO,46,645.0
LiH,SrH2,88.8,645.0
NaCl,ThF4,20,645.0
CsF,SmF3,93,645.0
CsF,ZrF4,90,646.0
BaCl2,KCl,43.4,646.0
PbCrO4,Rb2CrO4,68,646.0
CsMoO4,PbMoO4,59,646.0
ErCl3,KCl,87,647.0
CaCl2,TlCl,68,647.0
K2NbF7,NaF,66.5,647.0
RbCl,ThF4,60,647.0
KCl,NaF,73,648.0
CsF,Cs2SO4,84,648.0
K2WO4,LiF,42,648.0
NaF,Na2CrO4,35,648.0
BaCl2,NaCl,34.7,648.0
BaCl2,NaCl,39.8,648.0
BaCl2,NaCl,40,648.0
BaCl2,NaCl,42.9,648.0
NbCl2,RbCl,18,648.0
BaCl2,PuCl3,36,648.0
MnCl2,NiCl2,99.5,648.0
Nb2O5,V2O5,1,648.0
Ca(PO3)2,Na2O,67.7,648.0
BaCl2,NaCl,51.5,648.0
CsF,ErF3,90,648.0
KBr,NaF,80,649.0
K2TiF6,TiO2,83.9,649.0
MgCl2,MnCl2,6.5,649.0
CdF2,LiF,44.4,650.0
NaF,ScF3,62,650.0
CeF3,CsF,7.5,650.0
CaO,NaF,48,650.0
NaF,Na2WO4,11,650.0
NaF,Na2WO4,23,650.0
BaCl2,NaCl,39.6,650.0
BaCl2,NaCl,47,650.0
EuCl3,KCl,88,650.0
RbCl,SrCl2,32,650.0
LaCl3,YCl3,25,650.0
MgCl2,PuCl3,62,650.0
KCl,K2CrO4,68.4,650.0
Cr2O3,V2O5,1,650.0
Na2O,V2O5,5.5,650.0
Al2O3,NaPO3,82,650.0
FeS,Na2S,22.8,650.0
CaNaPO4,Ca3(PO4)2,86.4,650.0
SrCl2,ThF4,74,650.0
BaV2O6,SrV2O6,27,650.0
KCl,MoCl3,60,650.0
Al2O3,TeO2,31.3,650.0
CaCrO4,KCl,24.1,651.0
KCl,CaCrO4,75.8,651.0
LiF,NaF,61,652.0
CdWO4,Na2WO4,10.2,652.0
KCl,K2TiF6,76,652.0
Na2CO3,Na2CrO4,50,652.0
LiBO2,NaBO2,56,652.0
Na2CO3,Na2CrO4,50,652.0
CaCO3,Ca(OH)2,35.8,653.0
NaVO3,V2O5,3,653.0
NaVO3,V2O5,3,653.0
BaCl2,NaCl,39,654.0
BaCl2,NaCl,39.9,654.0
BaCl2,NaCl,40,654.0
Na2SO4,V2O5,8,654.0
Na2MoO4,Na4P2O7,94.2,654.0
BaCl2,NaCl,27,654.0
CsF,PrF3,90,654.0
BaF2,RbF,22,655.0
KCl,VCl3,84,655.0
RbCl,ScCl3,91,655.0
RbCl,VCl3,89,655.0
B2O3,Rb2O,63.2,655.0
GaTe,SnTe,53.5,655.0
NaBO2,RbCl,20,655.0
CsF,HoF3,95,655.0
MnMoO4,MoO3,33,655.0
BaCl2,NaCl,40,656.0
CaCl2,SrCl2,65,656.0
K2B4O7,NaCl,23.5,656.0
BaCl2,KCl,26.9,657.0
MgCl2,MgSO4,81,657.0
KCl,NaCl,48.5,658.0
KCl,NaCl,50,658.0
BaCl2,KCl,25,658.0
BaCl2,KCl,25.9,658.0
KCl,NbCl2,73,658.0
RbCl,TiCl3,62,658.0
CoCl2,CoSO4,70,658.0
CsBr,TiBr3,73,658.0
Al2O3,V2O5,1.46,658.0
MgO,V2O5,25,658.0
Cr2O3,Na2CO3,45,658.0
K2NbF7,NaF,65,658.0
CoCl2,CoSO4,30,658.0
LiF,NaF,60.4,659.0
CdF2,NaF,47,660.0
CsF,SrF2,95,660.0
KCl,K2ZrF6,21.4,660.0
KF,Li2TiO3,84,660.0
KCl,TbCl3,86,660.0
CeCl3,MgCl2,31.2,660.0
KCl,Na2B4O7,27.5,660.0
NaCl,V2O5,10,660.0
Li2CO3,RbBr,85.2,660.0
BaI2,Ba3N2,80,660.0
Cs2O(Cs2CO3),V2O5,72,660.0
MoO3,ZnO,81.3,660.0
KTPO3,K2SO4,87,660.0
Ag2Se,PbSe,75,660.0
MoO3,PbO,79.5,660.0
CrCl2,MnCl2,80,660.0
In2(WO4)3,Na2WO4,88,660.0
CaCl2,CaCrO4,76.6,660.0
Al2O3,V2O5,1,660.0
Al2O3,V2O5,1,660.0
ThF4,UCl3,24,660.0
CaCl2,CaCrO4,76.6,660.0
PrF3,RbF,35,660.0
K2TiF6,NaF,85,660.0
KCl,Na2B4O7,27.5,660.0
CdF3,CsF,10,661.0
SiO2,V2O5,3.3,661.0
KF,ThF4,86,662.0
CaCl2,K2TiF6,86.1,662.0
RbCl,TiCl3,90,662.0
NaCl,Na2WO4,64.4,662.0
CaCO3,Li2CO3,37,662.0
HoF3,NaF,27,663.0
AlF3,CsF,6,663.0
KCl,Nb3Cl8,92,663.0
KCl,K3HfF7,76.8,664.0
HoCl3,KCl,10,664.0
B2O3,Bi2O3,46,664.0
EuH2,LiH,6.8,664.0
KF,ThF4,83,664.0
RbF,ThF4,85,664.0
AlF3,NaF,46.5,665.0
KCl,LuCl3,85,665.0
KCl,YbCl3,85,665.0
KBr,Li2CO3,13.1,665.0
CuO,TeO2,18.5,665.0
BaF2,Li3AlF6,45,665.0
CuV2O5,V2O5,13.5,665.0
KCl,K3ZrF7,77,666.0
NaCl,VCl2,70.4,666.0
NaVO3,V2O5,10,666.0
Pb2MoO5,Pb2SiO4,14,666.0
K2B4O7,Na2B4O7,35,666.0
RbF,ZnF3,35,667.0
CaF2,CaI2,17.5,667.0
CaCl2,Na2SO4,26,667.0
MgCl2,MgSO4,80,667.0
K2MoO4,Na2MoO4,19,667.0
CsF,Cs2SiF6,88,667.0
CsF,Cs2SiF6,88,667.0
LiF,NaCl,40.5,668.0
CaCrO4,KCl,32.9,668.0
KBr,RbBr,20,668.0
Cs2O(Cs2CO3),V2O5,92,668.0
K2B4O7,Na2B4O7,35,668.0
MgWO4,Na2W2O7,13,668.0
MgWO4,Na2MoO4,13.5,668.0
LiH,YbH2,93.2,669.0
AlF3,NaF,63.5,670.0
CsF,YF3,96,670.0
LiF,NaCl,41,670.0
NaBr,NaF,73,670.0
BaF2,BaI2,8,670.0
CaF2,Ca(OH)2,30.9,670.0
CdO,V2O5,17,670.0
MoO3,PbMoO4,27.4,670.0
PbCrO4,Rb2CrO4,41.5,670.0
LiF,NaCl,41.5,670.0
KCl,K2TiF6,31,670.0
Li2MoO4,LiNd(MoO4)2,93,670.0
KCl,NaBO2,67.5,670.0
Na2MoO4,Pr2(MoO4)3,97.5,670.0
Ma2MoO4,Yb2(MoO4)3,97.5,670.0
MgCl2,UCl3,64,670.0
Na2SO4,Na2WO4,30,670.0
LiF,SrF2,80,671.0
KCl,YCl3,83,671.0
RbCl,TiCl3,64,671.0
SrCl2,SrCo3,74,671.0
BaH2,LiH,5,671.0
CsCl,TiCl3,35,672.0
FeCl2,NiCl2,99.3,672.0
Y2O3,V2O5,2,672.0
K2TaF7,NaCl,77.5,672.0
Ba(PO3)2,NaPO3,25,672.0
BaCl2,NaF,38,672.0
KCl,YCl3,85,672.0
CaKCl3,CaCrO4,81.1,672.0
CsF,YF3,96,673.0
KCl,TiCl3,83,673.0
Na2SO4,(NH4)2SO4,15,673.0
KBr,RbBr,9,673.0
NaF,ScF3,58,674.0
CsBO2,LiBO2,35,674.0
Na2CrO4,Na2WO4,15,674.0
NaCl,NaF,67,675.0
KCl,YCl3,87,675.0
Ag2Se,Bi2Se3,10,675.0
NaCl,NaF,66,675.0
Al2O3,TeO2,15,675.0
MgSO4,Rb2SO4,47.5,675.0
KCl,TiCl3,85.2,676.0
KCl,VCl3,87,676.0
CsCl,VCl3,65,676.0
VO2,V2O5,0,676.0
MgWO4,Na2W2O7,40,676.0
KPO3,MoO2,85,676.0
HgS,PbS,68,676.0
MoCl2,NaCl,30,676.0
BaCl2,CeCl3,31-35,677.5
RbF,SrF2,91,678.0
KCl,Z2ZrF6,75.8,678.0
KCl,K2ZrF6,77,678.0
LiF,NaCl,42,678.0
KF,K2CO3,60,678.0
CaCl2,RbCl,82.5,678.0
BaMoO4,Na2MoO4,9.7,678.0
PbF2,Pb3(PO4)7,92.5,678.0
LiAlF6,Na3AlF6,67.8,680.0
DyF3,NaF,27,680.0
K2TiF6,Na2TiF6,44.4,680.0
CsF,ScF3,96,680.0
LiF,NaCl,41.5,680.0
NaCl,NaF,66.5,680.0
NaF,Na2B4O7,33,680.0
CrCl3,RbCl,8,680.0
CsCl,TiCl3,63,680.0
CoCl2,NiCl2,93,680.0
MoO3,PbO,82.5,680.0
PbO,SiO2,40,680.0
Na2WO4,SrWO4,97,680.0
CeO2,MoO3,22,680.0
CuO,TeO2,45,680.0
Na2MoO4,Sm2(MoO4)3,97.5,680.0
Na2MoO4,Tb2(MoO4)3,97,680.0
BaNb2O6,BaV2O6,95,680.0
K2SO4,MnSO4,63,680.0
Na2B4O7,NaF,80,680.0
NaCl,NaF,67,680.5
K2TiF6,TiO2,81.5,681.0
CrCl3,RbCl,8,681.0
CdSO4,Na2SO4,53.72,681.0
CdSO4,Na2SO4,54,681.0
BaWO4,Na2WO4,4,681.5
KF,K2CO3,60,682.0
KCl,TiCl3,85,682.0
RbCl,VCl3,62,682.0
K2NbF7,LiF,83.5,682.0
LaOCl,MgCl2,20,682.0
Ca(PO3)2,CsPO3,14,682.0
K2CO3,KF,40,682.0
KF,ZnF2,76,683.0
BaCl2,CeCl3,31,683.0
Ca(PO3)2,KPO3,14,683.0
CrF3,CsF,2,684.0
LiF,NaCl,43,684.0
KF,KPO3,77,684.0
LiF,LiH,15.4,684.1
AlF3,NaF,46.6,685.0
AlF3,CsF,5.5,685.0
DyCl3,KCl,15,685.0
KF,K2CO3,48,686.0
GdCl3,KCl,8,686.0
Na2WO4,Nd2(WO4)3,100,686.0
BaCO3,Na2CO3,37,686.0
BaCO3,Na2CO3,40,686.0
LiBO2,Li2WO4,15,686.0
KCl,VCl2,78.5,687.0
CaSO4,KCl,18,687.0
KF,K2CO3,47,688.0
KF,Na2MoO4,84,688.0
KF,K2CO3,46,688.0
KCl,K2SO4,74.6,688.0
Li2MoO4,Li4P2O7,99.2,688.0
K3NaF8,NaF,72.5,688.0
K2CO3,KF,54,688.0
LiBO2,LiF,66,688.0
K3AlF6,Li3AlF6,40.5,690.0
LiF,YbF3,70,690.0
AlF3,NaF,46,690.0
AlF3,NaF,47,690.0
CsMnF3,NaMnF3,47,690.0
NaF,ThF4,63,690.0
CaF2,CsF,2.56,690.0
NaF,Na2CO3,38.66,690.0
NaF,Na2CO3,40,690.0
RbE,Rb2MoO4,77,690.0
CsCl,TiCl3,66,690.0
KCl,K2SO4,70.9,690.0
KCl,K2SO4,76.7,690.0
Fe2O3,PbO,10-May,690.0
Li2WO4,WO3,80,690.0
NaB4O7,Nd2O3,99.7,690.0
Li2WO4,PbSO4,88,690.0
K4P2O7,Li2MoO4,1,690.0
CuWO4,Na2W4O7,40,690.0
Fe2O3,TeO2,37,690.0
KCl,ThF4,65,690.0
Pb2SiO4,Pb2WO5,70.5,690.0
AlF3,LiF,37,691.0
KF,ThF4,69,691.0
MnF2,NaF,34,692.0
KCl,ScCl3,84,692.0
KCl,ScCl3,85,692.0
BaI2,Ba3N2,98,692.0
Cs2WO4,PbWO4,59,692.0
KCl,MoCl3,90,693.0
AlF3,Na3AlF6,62.5,693.5
CdF2,KF,18,694.0
KF,ThF4,86,694.0
KCl,K2SO4,73.4,694.0
Na2B4O7,NaCl,86.1,694.0
Bi2O3,PbO,64,694.0
AlF3,Na3AlF6,61,694.0
K3BeF5,K3ZrF7,78.24,694.0
LiF,YF3,81,695.0
NaCl,ZrCl2,31,695.0
Na2CO3,Na2O,61.3,695.0
FeS,Na2S,71.6,695.0
CaSO4,Li2SO4,18.5,695.0
K2CO3,Na2CO3,38.5,695.0
Bi2O3,LiFe5O8,96.5,695.0
NaF,TbF3,73,696.0
BaCO3,NaCl,28.2,696.0
B2O3,Bi2O3,76.5,696.0
KFK2NbF7,NaF,70,696.0
LiF,Na3AlF6,85,696.0
KF,K2TaF7,30,697.0
KF,TaF5,71,697.0
K2TaF7,LiF,84.5,697.0
KCl,ZrCl2,46.5,698.0
B2O3,Bi2O3,73.5,698.0
K2SO4,Li2SO4,60,698.0
Na2WO4,SrWO4,100,698.0
NaCl,RbBO2,83,698.0
BaF2,NaCl,28,698.0
CsF,MgF2,43,699.0
K3AlF6,Li3AlF6,50,700.0
LiF,Na3AlF6,83.5,700.0
AlF3,NaF,46.3,700.0
NaF,ScF3,62.5,700.0
NaF,ThF4,63-64,700.0
NaF,YF3,68,700.0
BeF2,KF,18,700.0
MgF2,RbF,22,700.0
MnF2,RbF,16,700.0
KCl,KMnF3,88.5,700.0
KCl,K2TaF7,82.4,700.0
CrCl3,KCl,10.7,700.0
CrCl3,KCl,11.5,700.0
NaCl,Na2O,75,700.0
Bi2O3,CoFe2O4,67.5,700.0
B2O3,Rb2O,68.7,700.0
PbO,SiO2,60,700.0
PbO,SiO2,76,700.0
K2SO4,Li2SO4,60,700.0
Na2SO4,Rb2SO4,75,700.0
CuWoO4,Na2W2O7,15,700.0
Gd2(WO4)3,Na2WO4,3-Feb,700.0
La2(WO4)3,Na2WO4,0,700.0
Na2WO4,Nd2(WO4)3,100,700.0
RbCl,SrMoO4,3.5,700.0
As2S3,La2S3,30,700.0
SrCl2,ThF4,24,700.0
KCl,K2TaF7,82.4,700.0
ErF3,LiF,19.5,700.0
BaCl2,UCl3,25,700.0
KF,SnF4,67.9,700.0
RbF,SmF3,85,700.0
K2WO4,Na2CrO4,25,701.0
BaF2,NaCl,22.7,702.0
KBO2,LiCl,73,702.0
Na2SO4,Rb2So4,75,702.0
Na2SO4,Rb2So4,75,702.0
CaF2,Li3AlF6,43.5,703.0
KCl,ThF4,77,704.0
InCl3,NaCl,39,704.0
Li2SO4,Rb2SO4,36,704.0
KBO2,NaCl,21.5,704.0
NaF,ThF4,59,705.0
BeF2,KF,19,705.0
CaCl2,CaCl,89,705.0
Ga2O3,PbO,40,705.0
GeO2,PbO,30,705.0
FeMoO4,MoO3,16.3,705.0
Li2Hf(WO4)3,Li2WO4,12.5,705.0
CaCl2,CsCl,66.7,705.0
AlF3,LiF,14.5,706.0
AlF4,LiF,17,706.0
CsF,MnF2,86,706.0
Ca2SO4,Li2SO4,66,706.0
K4P2O7,Li2MoO4,61.3,706.0
Li3AlF6,LiF,7.7,706.0
GeO2,PbO,27.3,707.0
MoO3,ZnMoO4,68.4,707.0
AlF3,LiF,35,708.0
KCl,LiF,80,708.0
CrCl3,KCl,11.2,708.0
CaCl2,CaSO4,87.5,708.0
Cs2SO4,Li2SO4,69,708.0
Li2WO4,PbWO4,83.5,708.0
GaAs,GaSb,3,708.0
KF,K2NbF7,20,708.0
RbF,Rb2SiF6,91,708.0
RbF,Rb2SiF6,91,708.0
B2O3,Bi2O3,81,709.0
AlF3,LiF,36,710.0
Li3AlF6,Na3AlF6,67.9,710.0
KF,NaF,59,710.0
KF,NaF,60,710.0
NaF,PmF3,74,710.0
CeF3,KF,20,710.0
K2BeF4,KF,50,710.0
CsF,MnF2,65,710.0
KCl,LiF,81,710.0
KF,K4P2O7,78.7,710.0
B2O3,Rb2O,77.4,710.0
GeO2,K2O,61.1,710.0
GeO2,PbO,27.3,710.0
K4P2O7,TiO2,68.5,710.0
K2SO4,Li2SO4,60,710.0
K2CO3,Na2CO3,44,710.0
K2CO3,K2Mo4O13,88,710.0
Li2WO4,Li2Zr(WO4)3,90,710.0
AlF3,LiF,62.8,710.0
Na2O,NbO2,88,710.0
MoO3,ZnO,78,710.0
CuWO4,Li2WO4,20,710.0
KF,K2TiF6,35,710.0
LiBO2,LiF,80,710.0
Na2B4O7,NaCl,86,710.0
KF,NaF,59.5-60,710.5
AlF3,LiF,15,711.0
AlF3,LiF3AlF6,39.7,711.0
CuV2O5,V2O5,36,711.0
GdF3,NaF,25,712.0
NaF,Na2TiF6,20.6,712.0
KCl,K2TaF7,16,712.0
NaCl,ThF4,48,712.0
KF,K2B4O7,56,712.0
CaCl2,CaSO4,86,712.0
CaCl2,Ca3N2,87,712.0
KCl,K2TaF7,16,712.0
KF,SnF4,82.5,712.0
K2B4O7,KF,28,712.0
Li3AlF6,Na3AlF6,61.2,713.0
Li3AlF6,Na3AlF6,65,713.0
CdF2,RbF,12,713.0
Na3AlF6,Li3AlF6,36,713.0
AlF3,NaCl,24.5,714.0
NaBO2,NaBr,18.5,714.0
KPO3,K2SO4,89,714.0
AlF3,LiF,15,715.0
AlF3,LiF,35,715.0
KF,NaF,60,715.0
K2BeF4,K3YF6,77,715.0
KCl,LiF,80,715.0
KBO2,KCl,15.6,715.0
Na2B4O7,Na2CrO4,75,715.0
AlF3,LiF,34.6,715.0
CaF2,Li3AlF6,40,715.0
ThF4,UCl3,65,715.0
Li3AlF6,Na3AlF6,67.9,716.0
KF,NaF,60,716.0
KCl,KBr,40,716.0
K2CO3,K2W4O13,90,716.0
KF,K2TaF7,21.5,717.0
K3AlF6,KCl,8.7,717.0
PBO,RbCl,0.35,717.0
EuF3,NaF,25,718.0
KF,K2TaF7,78,718.0
CsF,MgF2,56,718.0
KF,TaF5,84.7,718.0
CsCl,SrCl2,22.2,718.0
KF,K4P2O7,89,718.0
CaSO4,NaCl,17.6,719.0
AlF3,LiF,15,720.0
Cs3AlF6,Na3AlF6,42,720.0
K2BeF4,K3ZrF7,71.85,720.0
CsCl,SrCl2,19,720.0
NaCl,CaSO4,81.6,720.0
KCl,K3PO4,85,720.0
SrCl2,Sr3N2,87,720.0
PbO,V2O5,67,720.0
Li2SO4,Rb2SO4,39,720.0
Li4P2O7,Na4P2O7,62,720.0
K4P2O7,Na2MoO4,36,720.0
BaSiO3,PbSiO3,3,720.0
FeWO4,Na2W2O7,10,720.0
CrCl2,MgCl2,50,720.0
LiCl,ThF4,26,720.0
CoCl2,NiCl2,1.4,721.0
NaF,Na4P2O7,94,721.0
KF,K2MoO4,70,722.0
KF,K2MoO4,71,722.0
PbO,WO2,86.5,722.0
KF,NaF,60,722.0
RbF,Rb2SO4,36,723.0
KBO2,KCl,27.5,723.0
Na2B4O7,SiO2,36.16,724.0
KF,K2NbF7,75,724.0
Cs3AlF6,Na3AlF6,75,724.0
LaF3,NaF,29,725.0
NaF,SmF3,75,725.0
NaCl,CaSO4,79.8,725.0
NaCl,Na4P2O7,77.8,725.0
B2O3,Rb2O,81.4,725.0
CoSO4,K2SO4,72.41,725.0
In2S3,Ti2S,59,725.0
CeF3,NaF,28,726.0
CsF,LaF3,66,726.0
RbF,Rb2SO4,78,726.0
CaSO4,NaCl,17.7,726.0
Na2SO4,PbSO4,51,726.0
NaF,PuF3,76,727.0
KF,K2TaF7,74.5,727.0
GeO2,PbO,61.7,727.0
CaMoO4,MoO3,19.4,727.0
KF,K2WO4,73,728.0
NaCl,Na4P2O7,79,728.0
BaF2,KF,26.5,729.0
BaF2,KF,27,729.0
RbF,Rb2WO4,80,729.0
LaF3,NaF,29,730.0
KF,K2SiO3,53,730.0
KF,K2P2O7,80,730.0
Na2BeF4,Na3PO4,30,730.0
KCl,TiCl2,38,730.0
KCl,LiBO2,97.5,730.0
Fe2O3,PbO,17.5,730.0
GeO2,PbO,61.7,730.0
Bi2S3,PbS,77,730.0
K2SO4,K2S,27.5,730.0
BaMoO4,KCl,94.2,730.0
BaMoO4,KCl,5.8,730.0
BaF2,FeF2,58,730.0
Li2WO4,LiYb(WO4)2,97.5,730.0
K2SO4,LiBO2,29,730.0
NaBr,NaCl,72,731.0
NaBr,NaCl,62,731.0
NaF,NdF3,74,732.0
KF,K2CrO4,70,732.0
KF,K2CrO4,77,732.0
K4P2O7,NaF,32.7,732.0
ErF3,RbF,12,732.0
NaF,PrF3,78,733.0
Na3AlF6,NaCl,11,733.0
GeO2,PbO,20,733.0
Cs3AlF6,Na3AlF6,41,734.0
NaCl,Na3AlF6,88.6,734.0
Na3AlF6,NaCl,11,734.0
NaF,Rb2SO4,58,734.0
NaF,Na4P2O7,51,734.0
NaF,Na4P2O7,65.8,734.0
KBr,KCl,60,734.0
BaCl2,BaCO3,53,734.0
BaCO3,NaCl,47,734.0
LiF,MgF2,64,735.0
BaBr2,CaCl2,50-70,735.0
KCl,K4P2O7,85,735.0
Li2SO4,Sc2(SO4)3,95,735.0
BaF2,MnF2,55,735.0
CeF3,LiF,15.6,735.0
NaOH,Na2S,37,735.0
In2(WO4)3,Li 2WO4,4,735.0
K2BeF4,K3HoF6,77.5,735.0
K2MoO4,Na4P2O7,77.7,736.0
NaCl,Na3AlF6,89,737.0
GeO2,PbO,60,737.0
NaBO2,Na2B4O7,14,737.0
Na3AlF6,NaCl,11,737.0
MnF2,NaF,66,738.0
NaCl,SrSO4,86.4,738.0
CaCl2,CaMoO4,88.5,738.0
K2B4O7,KCl,50,738.0
LiBO2,Li2SO4,47,738.0
BaF2,KCl,7.5,739.0
K2O,SiO2,23.5,739.0
AlF3,RbF,7,740.0
CsF,Cs2MoO4,47,740.0
CaO,P2O5,37,740.0
GeO2,PbO,41.6,740.0
GeO2,PbO,41.5,740.0
GaS,Ga2S3,47.5,740.0
Na2S,Na2SO4,34.8,740.0
Na2SO4,Rb2SO4,80,740.0
K2CrO4,K4P2O7,66.6,740.0
CaCrO4,Na2CrO4,48.4,740.0
KCl,SrMoO4,3.2,740.0
LiBO2,NaCl,55,740.0
MoO3,UO3,92,740.0
Rb2MoO4,Sm2(MoO4)2,80,740.0
KF,ThF4,34,741.0
NaCl,BaSO4,88.9,741.0
LiF,MgF2,67,742.0
LiF,MgF2,71,742.0
CsF,Cs2CrO4,44,742.0
KF,KPO3,80,742.0
KBO2,Li3PO4,29,742.0
CsCrO4,CsF,56,742.0
LiF,MgF2,71,743.0
LiF,PuF3,80.5,743.0
KN,MnF2,83,743.0
Li2WO4,WO3,45,743.0
LiF,YF3,82,744.0
KF,SrF2,78,744.0
KF,SrF2,78.1,744.0
K2MoO4,Na4P2O7,58.1,744.0
MoO3,PbO,14,744.0
NaF,Na2ZrF6,67,745.0
NaF,ZrF4,80,745.0
KF,K2MoO4,43,745.0
KF,K2MoO4,44,745.0
Rb2O,SiO2,43.5,745.0
MgMoO4,MoO2,19.5,745.0
Na2SO4,PbSO4,53,745.0
NaF,Na2SO4,30,746.0
NaF,ZrF4,80,747.0
NaF,Na2SO4,29,747.0
PuCl3,PuOCl,92,747.0
CsCl,ThF4,20,748.0
KF,ZnF2,20,748.0
Na3AlF6,Na3FeF6,16,748.0
KF,K2MoO4,40,749.0
LaF3,LiF,14,750.0
NaF,ThF4,46.5,750.0
KF,YF3,57,750.0
BeO,Li2O,78.5,750.0
PbO,V2O5,84,750.0
NiFe2O4,Pb2P2O7,10,750.0
K2SO4,MgSO4,64.5,750.0
PbMoO4,Rb2MoO4,37,750.0
GaSe,Ga2Te3,37,750.0
Ga2Se3,Ga2Te3,35,750.0
CaMoO4,KCl,96.9,750.0
BaMoO4,NaCl,92.9,750.0
BaMoO4,NaCl,7.1,750.0
PbO,PdO,95,750.0
NaBO2,NaCl,31.5,750.0
KF,ThF4,67,750.0
RbF,YF3,91,752.0
CsF,Cs2WO4,43,752.0
KF,K2TiO3,58,752.0
Na2CrO4,Na4P2O7,93.3,752.0
NaBO2,Na2CrO4,26.1,752.0
SrCl2,SrF2,87,753.0
CeF3,CsF,33,754.0
CaF2,KCl,0.9,754.0
CaF2,KCl,1.26,754.0
Li2SO4,PbWO4,94.5,754.0
NaF,ZrF4,81,755.0
ErF3,KF,14,755.0
RbF,ScF3,5,755.0
RbF,VF3,96.5,755.0
PbO,V2O5,94,755.0
KF,YF3,88,756.0
RbF,Rb2MoO4,41,756.0
LaF3,LiF,16.5,756.0
ErF3,KF,15,756.0
CaCl2,CaO,94,757.0
RbCl,UCl3,84.5,757.0
KF,K2CrO4,47,758.0
KF,K2TiO3,58,758.0
CaWO4,KCl,2.3,758.0
RbBr,TiBr2,35,758.0
KF,SmF3,83,758.0
KMnF3,NaMnF3,95,759.0
BaF2,LiF,19,760.0
CaF2,LiF,22,760.0
K3AlF6,Li3AlF6,71,760.0
KF,YF3,87,760.0
CaF2,RbF,10,760.0
BaF2,BeF2,22,760.0
BaF2,Li2SiO3,51.5,760.0
KF,K2WO4,44,760.0
Bi2O3,CoFe3O4,86.5,760.0
PbO,PbSe,80,760.0
PbWO4,Rb2WO4,36,760.0
GaSe,Ga2Te3,62,760.0
CsMoO4,CsNd(MoO4)2,82,760.0
KCl,UF4,14,760.0
Cs3AlF6,Rb3PrF6,20,760.0
LiF,SrF2,80,761.0
HfF4,NaF,20.5,762.0
HfF4,NaF,21,762.0
NaF,Na3HfF7,45.8,762.0
SrCl2,SrSO4,86,762.0
K2O,SiO2,20,762.0
MoO3,PbO,11.7,762.0
RbF,ThF4,63,762.0
RbCl,TiCl2,65,763.0
CsF,Cs2SiF6,25,763.0
CsF,Cs2SiF6,27,763.0
KF,YF3,58.5,764.0
KF,K2CrO4,47,764.0
BaF2,LiF,16.5,765.0
BaF2,LiF,18.3,765.0
K3HfF7,NaF,29,765.0
KF,ZrF4,87,765.0
Cu3As,GaAs,78,765.0
Ga2S3,Ga2Te3,38,765.0
CaF2,LiF,20.5,765.0
HfF4,KF,13,766.0
KF,K2ZrF6,82.7,766.0
KF,K2ZrF6,83,766.0
KF,K3HfF7,78.9,766.0
KF,ZrF4,94.6,766.0
KF,ZrF4,80,766.0
CaCl2,CaSiO3,99,766.0
KF,K3PO4,82,767.0
BeSO4,K2SO4,33,768.0
RbF,Rb2WO4,43,769.0
KF,K2SiF6,82,769.0
LaF3,LiF,21,770.0
CsMnF3,KMnF3,90,770.0
KF,RbF,28,770.0
CaF2,KCl,1.3,770.0
CaF2,NaCl,3.9,770.0
CaF2,NaCl,4.7,770.0
B2O3,K2O,44.8,770.0
La2O3,PbO,8,770.0
Rb2O,SiO2,15.8,770.0
Na2CrO4,Na2SiO3,87.1,770.0
K2MoO4,PbMoO4,69,770.0
PbMoO4,Rb2MoO4,58,770.0
Li2O,Na2O,24,770.0
B2O3,K2O,68.7,771.0
NaF,Na2SO4,64,772.0
Li3PO4,NaBO2,20,772.0
K2TiO3,Na2TiO3,82,773.0
B2O3,K2O,61.4,774.0
ErF3,KF,40,775.0
CsF,ThF4,60,775.0
CaSO4,Cs2SO4,36,775.0
KF,K2SO4,83,776.0
KF,KPO3,62,776.0
KF,KPO3,66,776.0
LiF,Li4P2O7,93,776.0
KF,MgF2,85,778.0
GeO2,Na2O,65,778.0
KBO2,K2B407,48.5,778.0
NaF,Na2SO4,61,779.0
CaF2,NaCl,4.5,779.5
CaF2,KF,13.6,780.0
CaF2,KF,24,780.0
RbF,Rb2Ti2O5,93,780.0
CrCl3,KCl,46,780.0
LiCl,NiSO4,56.1,780.0
K2O,SiO2,42.5,780.0
MoO3,UO2,98.5,780.0
B2O3,K2O,40,780.0
MgF2,RbF,35,781.0
CaF2,KF,15.4,782.0
CrCl3,KCl,46.7,782.0
CaMoO4,NaCl,97.5,782.0
NaCl,SrMoO4,4.4,782.0
B2O3,K2O,24,782.0
KF,K2SO4,84,783.0
CrCl3,KCl,34.3,783.0
K2B4O7,K2SO4,94,783.0
CsF,PrF3,60,783.0
PbWO4,Rb2WO4,51.5,784.0
Ba(PO3)2,Cd(PO3)2,72.5,784.0
Cs3AlF6,K3AlF6,79,785.0
CrCl3,KCl,34.2,785.0
Bi2O3,Fe2O3,89,785.0
GeO2,Na2O,66.6,785.0
Er2(WO4)2,Rb2WO4,28,785.0
Cd(PO3)2,Zn(PO3)2,25,786.0
K2TiO3,PbTiO3,81,786.0
B2O3,K2O,53.1,787.0
CrO3,PbO,19.4,787.0
Ba(PO3)2,Cd(PO3)2,23.5,787.0
KF,K2SO4,83,788.0
GeO2,K2O,68.2,789.0
GeO2,Na2O,68.4,789.0
Na2O,SiO2,25.2,789.0
Na2CrO4,Na2SO4,89,789.0
AlF3,RbF,6.5,790.0
KCl,K2TiO3,4,790.0
GeO2,Na2O,64,790.0
CdWO4,PbO,10,790.0
Na2SO4,Na2U2O7,74.8,790.0
Na2SO4,U3O8,85.6,790.0
Ba(BO2)2,Cd(BO2)2,17,790.0
RbSc(SO4)2,Sc2SO4,30,790.0
BaCl2,CaF2,77,791.0
BaCl2,CaF2,78,791.0
K2TiO3,Na2TiO3,82,792.0
K2SO4,PbSO4,55,792.0
K2WO4,PbWO4,67,792.0
CsF,Cs2SO4,46,793.0
Na2O,SiO2,25.5,793.0
NaF,ScF3,72,794.0
Na3AlF6,Na2SO4,9.9,794.0
NaCl,Na2TiO3,99,794.0
K2O,Nb2O5,89.4,794.0
CrCl3,KCl,46.4,795.0
Bi2O3,NiFe2O3,91,795.0
MgFe2O4,PbO,8,795.0
CsF,ScF3,67.5,796.0
CaWO4,NaCl,1.5,796.0
NaCl,Na2TiO3,99.5,796.0
NaCl,PbO,99.6,796.0
KF,NiF2,90.8,797.0
CsF,ThF4,47,797.0
Bi2O3,TiO2,97.5,797.0
Na3AlF6,Rb3AlF6,60,798.0
Na3AlF6,Rb3AlF6,61,798.0
CsF,ScF3,67,798.0
Na3AlF6,Na2SO4,9,798.0
B2O3,LiF,33.3,798.0
CsCl,TiCl2,32,798.0
Na2Si2O5,SiO7,27.8,799.0
NaF,ScF3,83,800.0
LiF,Li3PO4,93,800.0
CaCl2,CaO,70-77.5,800.0
Bi2O3,MoO3,98.5,800.0
Fe2O3,NaPO3,15,800.0
RbSc(SO4)2,Rb2SO4,20,800.0
Pr2(WO4)3,Rb2WO4,15,800.0
Cs2WO4,Pr2(WO4)3,88,800.0
K2MoO4,PbMoO4,37,802.0
CrCl3,RbCl,49.9,803.0
Cr2O3,K2CO3,20,803.0
K2SO4,Sc2(SO4)3,85,803.0
KSc3(SO4)5,K2SO4,15,803.0
BaBr2,BaF2,10,805.0
ZnF2,ZnS,89,805.0
CrCl3,CsCl,53,805.0
Cu2O,P2O5,58,805.0
K3PO4,Li3PO4,47,805.0
Cs2WO4,Er2(WO4)3,88,805.0
BaCl2,Ba3N2,77,806.0
CrO3,PbO,10,807.0
Na2MoO4,Na4P2O7,63,807.0
LaF3,NaF,27,808.0
CrF3,CsF,39,808.0
CrCl3,RbCl,30.7,808.0
K2WO4,Nd(WO4)3,87,808.0
KBO2,K2WO4,67,808.0
CaF2,NaF,32.5,810.0
K3AlF6,KF,10,810.0
CdO,PbO,14,810.0
BaCl2,ThF4,50,810.0
Er2(WO4)3,K2WO4,13,810.0
Cs2WO4,Tb2(WO4)3,91,810.0
BaTiO3,NaVO3,1.26,811.0
BaF2,NaF,37,812.0
MnF2,RbF,81,812.0
Na2CO3,Na2SO4,66.7,812.0
BaF2,NaF,37,812.0
Bi(WO4)3,PbWO4,73,813.0
KF,MnF2,16,814.0
BaTiO3,KF,1.8,814.0
BaCl2,BaCO3,76,814.0
BaCO3,NaCl,24,814.0
K3HfF7,Na3HfF7,35,815.0
K2TiO3,PbTiO3,61,815.0
Cu2S,GeS2,5,815.0
MgF2,NaF,25,816.0
KF,ScF3,93,816.0
CrCl3,CsCl,29,816.0
Rb2O,V2O5,92,816.0
K2TiO3,TiO2,93.9,817.0
CaF2,NaF,31.6,818.0
CaF2,NaF,32,818.0
CaF2,NaF,34,818.0
LaCl3,LaOCl,98.7,818.0
NaF,ScF3,82,820.0
AlF3,KF,7,820.0
MgCl2,Na3AlF6,28,820.0
MgCl2,Na3AlF6,39.7,820.0
RbF,Rb2Ti2O5,30,820.0
LaCl3,LaOCl,73,820.0
K2TiO3,TiO2,88,820.0
PbCrO4,PbO,47,820.0
BaCl2,ThF4,13,820.0
RbF,Rb2SiF6,30,820.0
RbF,Rb2SiF6,30,820.0
BaF2,NaF,37,820.0
CrCl3,RbCl,49.8,821.0
K2TiO3,TiO2,98,822.0
Ca(OH)2,Ca2SiO6,94,822.0
K2MoO4,K4P2O7,52.9,822.0
K2CO3,K2S,40,822.0
K2TiO3,TiO2,98,823.0
K2SO4,Sc2(SO4)3,50,823.0
KSc3(SO4)5,K2SO4,50,823.0
K2SO4,Na2SO4,18,823.0
CsF,Cs2Ti2O5,35,825.0
KF,K2TiO5,77,825.0
SrCl2,SrO,95,825.0
PbO,PbSO4,89,825.0
BaF2,NaF,42,825.0
Cu3As,Cu2S,93.5,825.0
Bi2O3,TiO2,90,826.0
K2TiO3,TiO2,89.8,826.0
Na2CO3,Na2SO4,62,826.0
K2WO4,PbWO4,41,826.0
LiBO2,Li3PO4,99,827.0
RbF,VF3,60.5,828.0
AlF3,CaF2,37.5,828.0
BaBr2,Ba3N2,80,828.0
MgF2,NaF,25,830.0
CrF2,CrF3,70,830.0
NaF,Na3PO4,71,830.0
PbO,PbSO4,92,830.0
PbO,PbTeO3,85,830.0
K2SO4,Na2SO4,20,830.0
K2SO4,Na2SO4,17.8,830.0
Ba(PO3)2,Ca(PO3)2,77.5,830.0
La2(MoO4)3,Rb2MoO4,20,830.0
CrCl3,RbCl,30.7,832.0
K2SO4,Na2SO4,25,832.0
Ca(PO3)2,KPO3,65,832.0
BaTiO3,KF,2.1,833.0
BaF2,Na3AlF6,66.7,835.0
Bi2O3,TiO2,97,835.0
Na2O,TiO2,54.5,835.0
FeS,PbS,52,835.0
AlF3,NaF,14,836.0
K4P2O7,K2WO4,24.4,836.0
Ca(BO2)2,Cd(BO2)2,25,836.0
AlF3,KF,7.5,837.0
Na2O,SiO2,36.9,837.0
PbCrO4,PbWO4,41,837.0
CsF,ThF4,69.5,838.0
KBO2,NaBO2,46,838.0
AlF3,KF,6,840.0
BaCl2,BaF2,85,840.0
LiF,Li2SiO3,97.5,840.0
Na2CO3,TiO2,97,840.0
PbO,PbTeO3,70,840.0
FeF2,FeF3,50,840.0
KF,K2SiF6,34,840.0
K2MoO4,La2(MoO4),87.5,840.0
RbF,Rb2SO4,27,842.0
CaF2,UF4,5.5,843.0
CsBr,TiBr2,35,843.0
Na3AlF6,Rb3AlF6,22,844.0
Na3AlF6,Rb3AlF6,24,844.0
KF,PbTiO3,94,845.0
K2O,Nb2O5,66.5,845.0
CaSO4,Rb2SO4,39,845.0
Li2SiO3,Na2SiO3,45.9,845.0
PbMoO4,ZnMoO4,38,845.0
Na2O,SiO2,37.2,846.0
Cs2SO4,SrSO4,67.5,846.0
BaCl2,BaF2,85,846.0
RbF,Rb2SO4,43,847.0
BaCl2,SrCl2,30,847.0
RbF,ThF4,46,848.0
KBO2,K2SO4,73,848.0
BaTiO3,Li2SO4,0.4,849.0
Cd3(PO4)2,Zn3(PO4)2,9,849.0
CdF2,CsF,72,850.0
BaCl2,SrCl2,32,850.0
NaAlSi3O8,NaCl,89.7,850.0
K2MoO4,K4P2O7,78,850.0
Na2O,TiO2,76,850.0
MgCl2,ThF4,35,850.0
UCl4,UO2,46,851.0
KF,Ta2O5,99.76,853.0
BaTiO3,Na4P2O7,23,853.0
LaF3,YF3,15,854.0
Na3AlF6,NaF,25.7,855.0
CdF2,KF,74.5,855.0
K2SO4,PbWO4,66,855.0
NaF,SrF2,68-73,856.0
NaF,SrF2,67.5,856.0
NaF,SrF2,73,856.0
NaF,SrF2,73.4,856.0
PbO,SrO,93,857.0
Cd(BO2)2,Mg(BO2)2,97.5,858.0
FeS,Li2S,37,858.0
NaF,SrF2,67,859.0
KF,ThF4,54,860.0
RbF,YF3,58,860.0
BaF2,B2O3,47.5,860.0
BaCl2,BaCO3,82.5,860.0
BaCl2,Ba3N2,19,860.0
FeS,PbS,53.3,860.0
KBO2,K2SO4,68,860.0
InAs,Zn3As2,55,860.0
Na2SO4,PbWO4,85,860.0
PbO,ZnO,89,861.0
Na2O,TiO2,55,862.0
Na2CrO4,Na4P2O7,40,863.0
KF,K2SO4,42,864.0
CdO,V2O5,75.5,864.0
KF,ThF4,47,865.0
KF,K2SO4,43,865.0
BaF2,B2O3,33,865.0
CdO,P2O5,53,865.0
Ga2O3,PbO,62,865.0
Cs2CrO4,K2CrO4,48,865.0
V2O5,ZnO,27,866.0
CaSO4,K2SO4,42,867.0
CaSO4,K2SO4,42,867.0
Na3AlF6,NaF,21,868.0
BaTiO3,Na2SO4,0.3,868.0
KF,ScF3,63,870.0
BaCl2,BaWO4,85,870.0
Bi2O3,V2O5,62.5,870.0
CaSO4,K2SO4,40,870.0
PbS,PbTe,35,871.0
Ba(PO3)2,Ca(PO3)2,34.5,871.0
AlF3,BaCl2,38.5,872.0
Na2SiO3,TiO2,79.9,872.0
LuF3,NaF,72,873.0
BaTiO3,K2CO3,0.9,873.0
Li2TiO3,NaF,13,874.0
KF,ThF4,44,875.0
MgF2,RbF,65,875.0
Cs2O,SiO2,14,875.0
PbO,SrO,73,875.0
CaSO4,K2SO4,39.7,875.0
CaSO4,K2SO4,40.3,875.0
Ca(PO3)2,CsPO3,78,875.0
K2CrO4,K4P2O7,75,876.0
KF,ThF4,43,878.0
BaCl2,BaSO4,86.2,878.0
CaCO3,CaF2,58.1,880.0
CeO2,Na3AlF6,5.5,880.0
NaF,Na2TiO3,52,880.0
Bi2O3,GeO2,66,880.0
K4P2O7,Na4P2O7,35,880.0
Na2SiO3,Na2TiO3,47,880.0
Na3AlF6,NaF,23.1,882.0
Na3AlF6,NaF,23.25,882.0
BaF2,NiF2,66,882.0
Li2WO4,PbSO4,24,882.0
BeF2,SrF2,40,883.0
KF,K2SO4,41,883.0
Li2CO3,LiPO3,13.5,883.0
K2SO4,MgSO4,22.1,884.0
K2TiO3,Na2TiO3,28,884.0
AlF3,NaF,13,885.0
AlF3,NaF,25,885.0
AlF3,NaF,62.5,885.0
Na3AlF6,NaF,24.1,885.0
BaF2,MgF2,64.3,885.0
AlF3,NaF,13,886.0
AlF3,NaF,13.3,888.0
AlF3,NaF,14.6,888.0
AlF3,NaF,24.7,888.0
CsF,YF3,62.5,890.0
Li2O,Na3AlF6,24.9,890.0
Cr2O3,K2CO3,50,890.0
CaSO4,Na2SO4,40,890.0
FeF3,NaF,35,892.0
NaF,YbF3,30,893.0
CaZn2(PO4)2,Zn3(PO4)2,30,894.0
V2O5,ZnO,23,895.0
NiFe2O4,Pb2P2O7,23,895.0
GaS,GaSe,68,895.0
CaO,Na3AlF6,33.3,896.0
NaF,Na2SiO3,59,896.0
NaF,Na2TiO3,33,896.0
BeO,Na3AlF6,33.3,898.0
NaF,Na2TiO3,51.8,898.0
NaF,Na2TiO3,52,898.0
BaCl2,BaO,87.5,899.0
Cr2O3,FeO,16.8,900.0
Co4S3,FeS,77,900.0
BaTiO3,K2SiO3,3,900.0
CdF2,RbF,76,902.0
CdF2,RbF,77,902.0
K2SO4,K2WO4,30,902.0
Na3AlF6,Nd2O3,88,904.0
NaF,TmF3,30,905.0
MgO,Na3AlF6,30,905.0
GeO2,Na2O,92.5,905.0
KBO2,K3PO4,86,906.0
K3AlF6,Na3AlF6,29,908.0
K4P2O7,K2SO4,40,908.0
BaTiO3,K2MoO4,0.4,909.0
Cs2O,SiO2,23.7,910.0
Rb2O,V2O5,69,910.0
CaSO4,Na2SO4,50,910.0
K2SO4,K2MoO4,27.5,910.0
MoO3,PbO,37.5,910.0
NiSb,PbS,54,910.0
K3AlF6,Na3AlF6,29,912.0
BaF2,MgF2,60,912.0
Li2SO4,Sc2(SO4)3,30,912.0
NaBO2,Na3PO4,83,912.0
BaSO4,Na2SO4,19.9,913.0
BaF2,MgF2,40.3,915.0
ErF3,NaF,72,920.0
BaF2,BeF2,72,920.0
UF4,UO2,20.9,920.0
Na2B4O7,CeO2,99.4,920.0
Mg(BO2)2,Sr(BO2)2,42.5,920.0
K2CrO4,K2MoO4,10,920.0
CdSe,Ga2Se3,41,920.0
NaF,TiO2,80,920.0
CaCl2,CaF2,80,923.0
MgF2,Na3AlF6,18,924.0
K3AlF6,Na3AlF6,73,925.0
K3AlF6,Na3AlF6,75,925.0
K3AlF6,Na3AlF6,73,926.0
KCl,VCl2,47.5,930.0
Bi2O3,MoO3,66.6,930.0
GeO2,Li2O,74,930.0
PbO,WO3,38,930.0
PbWO4,WO3,32.5,930.0
EuS,FeS,23,930.0
B2O3,SrO,78,934.0
BaO,WO3,25,935.0
Cu2O,P2O5,38,935.0
GeO2,Li2O,89.6,935.0
MoO3,PbO,37.5,935.0
Cs2CrO4,Rb2CrO4,50,935.0
BaCl2,BaTiO3,97.5,938.0
BaO,WO3,25,938.0
K2CrO4,Rb2CrO4,50,938.0
CaF2,Na3AlF6,49.5,940.0
BaCl2,BaF2,22,940.0
NiFe2O4,Pb3(PO4)2,8.5,940.0
CdSe,Ga2Se3,62,940.0
Cs2SO4,K2SO4,50,940.0
CsF,HoF3,60,940.0
BaCl2,BaF2,22,940.0
Cs2CrO4,Rb2CrO4,60.5,940.0
PbCl2,Pb3(VO4)2,2.2,940.0
BaTiO3,Na2SiO3,27,942.0
K3AlF6,Na3AlF6,35.1,945.0
NaF,YF3,25,947.0
Cd2P2O7,Zn2P2O7,30,947.0
CaF2,MgF2,42,948.0
CaF2,MgF2,42.4,948.0
Cs2SO4,Rb2SO4,65,948.0
SrCl2,SrO,72,950.0
Cu2O,GeO2,50,950.0
GeO2,Na2O,50.5,950.0
PbO,PbSO4,60,950.0
PbO,PbSO4,39,950.0
Ba(BO2)2,Cd(BO2)2,70,950.0
Ba(BO2)2,Mg(BO2)2,30,950.0
BaF2,YbF3,46,950.0
CaF2,CaSO4,50,951.0
BaTiO3,NaF,3.6,952.0
Na3PO4,Na4P2O7,32.4,952.0
CaF2,MgF2,43,954.0
CaF2,MgF2,43.5,954.0
Na3AlF6,Na3FeF6,98,954.0
KF,ThF4,20,954.0
Rb2MoO4,Sm2(MoO4)3,30,955.0
BaF2,BaMoO4,63.5,958.0
BaF2,BaSO4,67,958.0
Bi2O3,GeO2,23.5,960.0
Li4P2O7,Na2MoO4,86.9,960.0
CdMoO4,ZnMoO4,34,960.0
Na2O,NbO2,54,960.0
Al2O3,Na3AlF6,19.5,961.0
HoF3,NaF,71,962.0
SrCl2,SrF2,37,962.0
Al2O3,Na3AlF6,18.6,962.0
K2O,WO3,44,962.0
PbMoO4,PbSO4,57,962.0
Na3AlF6,Sm2O3,98.8,963.0
NaF,TiO2,79,967.0
B2O3,SrO,63,967.0
BaF2,NiF2,44,968.0
Na3AlF6,TiO2,90.2,970.0
CaO,P2O5,51,970.0
La2O3,MgO,50,970.0
P2O5,SrO,48,970.0
K2SO4,SrSO4,63,970.0
CdO,Na3AlF6,9.6,970.0
Na3AlF6,ZrO2,86,971.0
Na3AlF6,ZnO,92.8,974.0
NiFe2O4,Pb3(PO4)2,27,975.0
Cs2SO4,Rb2SO4,75,978.0
KF,ThF4,22,980.0
CaF2,MgF2,50,980.0
NaF,PbTiO3,99,980.0
SrCl2,Sr3N2,11,980.0
DyF3,NaF,70,982.0
Li2MoO4,Li4P2O7,3.9,982.0
MoO3,ZnMoO4,49.75,985.0
AlF3,MgF2,43.5,985.0
KCaF3,KMgF3,60,985.0
MoO3,ZnO,48.5,985.0
LiCl,Li4P2O7,9.3,986.0
Na2TiO3,TiO2,65,986.0
MgF2,NaF,36,987.0
PbS,ZnS,78,988.0
BaF2,BaWO4,67,988.0
Na2O,TiO2,35,990.0
BaTiO3,K4P2O7,19.8,992.0
NaF,TbF3,32,994.0
PbSO4,PbWO4,49,995.0
PbSO4,PbWO4,50,996.0
CaF2,UF4,23.5,997.0
NaCl,Na2TiO3,15,998.0
MgF2,NaF,36,1000.0
SrBr2,Sr3N2,13,1000.0
Sm2O3,WO3,14,1000.0
CdWO4,PbO,50,1000.0
Pr2(WO4)3,Rb2WO4,70,1000.0
Cs2WO4,Pr2(WO4)3,28,1000.0
RbF,ThF4,20,1000.0
GeO2,K2O,83.7,1006.0
KF,MgF2,31,1008.0
WO3,ZnO,66,1010.0
BaSO4,K2SO4,33.2,1015.0
BaSO4,K2SO4,30,1016.0
La2O3,WO3,20,1020.0
Li2O,SiO2,30.5,1020.0
Na2TiO3,TiO2,90,1020.0
La2WO3,WO3,20,1020.0
K3PO4,P2O5,70,1020.0
BaF2,CaF2,50,1022.0
Na2O,SiO2,56.1,1022.0
Li2O,SiO2,61.2,1024.0
Li2O,SiO2,62.2,1024.0
K2SO4,Rb2SO4,50,1024.0
GeO2,Li2O,71.5,1025.0
BaF2,GdF3,64,1025.0
Li2O,SiO2,30.6,1028.0
Li2O,SiO2,30.8,1028.0
Li2O,SiO2,30.3,1028.0
MgFe2O4,PbMoO4,22,1030.0
BaSiO3,PbSiO3,63,1030.0
Ba(BO2)2,Ca(BO2)2,68,1030.0
LiO2,TiO2,56,1030.0
K3PO4,K2SO4,12,1033.0
Ba(BO2)2,Ca(BO2)2,82,1034.0
Nd2O3,WO3,17.5,1037.0
MgFe2O4,PbMoO4,7,1040.0
GeO2,Na2O,83,1042.0
K2O,Na2O,73,1043.0
Ba(BO2)2,Sr(BO2)2,38.5,1044.0
CsCl,VCl2,34,1046.0
BaTiO3,Li2SiO3,16,1048.0
BaF2,CaF2,51,1050.0
SrI2,Sr3N2,30,1050.0
Cu2O,SiO2,82.8,1050.0
Ba(BO2)2,Ca(BO2)2,25,1050.0
BaF2,GdF2,34,1050.0
Na2MoO4,Pr2(MoO4)3,2.5,1050.0
CaF2,KF,54.4,1054.0
CaF2,YbF3,46,1055.0
K3PO4,K4P2O7,40,1056.0
GdF3,NaF,68,1058.0
CaF2,KF,54.4,1058.0
EuF3,NaF,62,1060.0
CaF2,KF,62.5,1060.0
Cu2O,SiO2,82.8,1060.0
GeO2,Li2O,25,1060.0
CaF2,CsF,54.44,1062.0
CoO,P3O5,58,1070.0
CuO,Fe2O3,94,1070.0
CdS,CdTe,20,1071.0
Ba(BO2)2,Sr(BO2)2,83.5,1072.0
SrO,WO3,24,1073.0
BaF2,BaSiO3,58,1075.0
CdO,P2O5,72,1075.0
CuO,Cu2O,45.8,1075.0
MgF2,Mg3(PO4)2,11,1076.0
RbF,ScF3,30,1080.0
PbS,PbSe,44,1080.0
La2(WO4)3,Na2WO4,1,1080.0
CdS,PbS,15,1080.0
Na2MoO4,Sm2(MoO4)3,10,1080.0
KF,NiF2,34.5,1084.0
CaF2,RbF,43,1090.0
Cr2O3,FeO,72.8,1090.0
GeO2,Nb2O5,97,1090.0
CdSe,CdTe,20,1091.0
Al2O3,GeO2,6,1095.0
GeO2,MnO,43.5,1095.0
Al2O3,Cu2O,9.5,1096.0
BaMoO4,MgMoO4,45,1098.0
CdO,WO3,35,1100.0
CuO,GeO2,7.5,1100.0
Na2MoO4,Tb2(MoO4)3,15,1100.0
Cs2WO4,Tb2(WO4)3,31,1100.0
BaO,GeO2,39.2,1105.0
CoO,P2O5,83,1105.0
Fe2SiO4,Zn2SiO4,64.1,1105.0
Fe2SiO4,Zn2SiO4,64.1,1105.0
MgF2,Mg3(PO4)2,87,1105.0
CaF2,YF3,9,1106.0
CaF2,Ca2SiO4,68.1,1110.0
GeO2,SrO,98,1110.0
GeO2,Li2O,40,1118.0
CaO,FeO,30,1120.0
CoO,P2O5,71,1120.0
PbO,SrO,29,1120.0
CaF2,YF3,40,1120.0
Al2(WO4)3,Y2(WO4)3,50,1120.0
MgO,V2O5,70,1122.0
CaF2,CaSiO3,53,1128.0
CaF2,CaSiO3,48,1130.0
Al2O3,CuO,12.1,1130.0
CaFeSiO4,Zn2SiO4,62.1,1130.0
CaO,WO3,25,1135.0
FeS,ZnS,6,1135.0
BaO,Cr2O3,86.9,1140.0
CaFeSiO4,Zn2SiO4,95.7,1140.0
GeO2,SrO,65,1150.0
K2O,Nb2O5,33.1,1150.0
MgMoO4,SrMoO4,64.9,1159.0
Al2O3,Cu2O,8.22,1165.0
SrSiO3,ZnSiO3,36.55,1170.0
FeO,SiO2,60.8,1177.0
Bi2O3,Nb2O5,36,1180.0
CaZr(PO4)2,ZrP2O7,62,1180.0
Gd2(WO4)3,Na2WO4,90,1182.0
BeO,WO3,37,1185.0
MgO,WO3,28.5,1185.0
Al2O3,WO3,23,1190.0
MgO,V2O5,85,1192.0
Na2O,NbO2,45,1200.0
CaMoO4,MgMoO4,35,1201.0
CaF2,Ca3(PO4)2,87.6,1203.0
WO3,ZnO,46.5,1205.0
CaO,MgF2,92.5,1208.0
MgF2,MgO,91,1214.0
Al2O3,WO3,28.5,1215.0
HfO2,WO3,24,1227.0
MgF2,MgO,91.5,1229.0
MgF2,MgO,91.65,1229.5
WO3,ZrO2,74,1231.0
MnO,MnS,40.8,1232.0
CaF2,GdF3,40,1233.0
BaO,GeO2,51,1236.0
CaO,GeO2,40,1245.0
Al2O3,MgF2,2.6,1250.0
BaO,GeO2,10,1250.0
Co2SiO4,Yb4(SiO4)3,89.5,1250.0
NiO,P2O5,58,1255.0
MgF2,UO2,99.65,1256.0
CaO,GeO2,30,1260.0
CaO,Ga2O3,63,1263.0
B2O3,HfO2,43,1265.0
GeO2,SrO,90,1270.0
CaF2,NdF2,42,1275.0
BaO,Cr2O3,64.8,1280.0
CaO,GeO2,15,1280.0
FeO,TiO2,89.1,1280.0
Al2O3,CaF2,7,1290.0
CaO,P2O5,69,1290.0
P2O5,SrO,31,1290.0
BaO,Cr2O3,41.8,1300.0
B2O3,MgO,30.6,1300.0
Nb2O3,WO3,11,1300.0
CaMg(SiO3)2,SrSiO3,55.7,1300.0
CaF2,LaF3,40,1300.0
Li2O,TiO2,16,1300.0
Al2O3,FeO,22.7,1305.0
Al2O3,FeO,4.3,1310.0
Eu2O3,Ta2O5,1,1310.0
BaO,Fe2O3,38,1315.0
BaO,TiO2,32,1315.0
BaO,TiO2,32,1317.0
MgO,WO3,55,1318.0
BaO,WO3,58.5,1320.0
BaO,WO3,58.2,1320.0
FeO,TiO2,52.6,1320.0
NiO,P2O5,72,1320.0
LaF3,La2O3,80,1320.0
Al2O3,MnTiO3,14,1320.0
CaO,Ga2O3,44,1323.0
MgSiO3,SrSiO3,52.1,1325.0
CaO,Nb2O5,23.2,1326.0
BaO,Fe2O3,58.8,1330.0
BaO,Fe2O3,61,1330.0
Nb2O3,WO3,40,1340.0
NiO,P2O5,82,1340.0
BaF2,Y2O3,99,1343.0
CaNb2O6,LaNb3O9,64,1345.0
CaF2,MgO,82,1350.0
CaF2,CaO,74.8,1360.0
CaF2,CaO,76.5,1360.0
B2O3,MgO,17.9,1360.0
Fe2O3,Nb2O5,27,1360.0
Al2O3,CaO,36.1,1361.0
Nb2O5,P2O5,67,1365.0
Al2O3,CaF2,10,1368.0
BaO,Fe2O3,40,1370.0
BaO,SiO2,25.7,1374.0
BaO,SiO2,25.8,1374.0
BaO,Ga2O3,65,1375.0
CoO,Nb2O5,25,1375.0
FeO,TiO2,42.6,1375.0
Fe2O3,Nb2O5,72,1375.0
SrSiO3,ZnSiO3,19.6,1375.0
CaO,GeO2,55,1380.0
GeO2,SrO,43,1380.0
CoO,SiO2,57.7,1381.0
PuC,PuSi,48.5,1382.0
CoO,Nb2O5,67,1385.0
Ni2SiO4,Yb4(SiO4)3,91.5,1390.0
LaF3,La2S3,80,1390.0
FeO,TiO2,22.8,1400.0
CoO,SiO2,67.3,1407.0
Al2O3,Na2O,55.5,1410.0
Al2O3,Nb2O5,30,1410.0
SrO,WO3,57,1410.0
CaMgSiO4,MgFe2O4,81.9,1410.0
Ca2SiO4,MgFe2O4,56.7,1415.0
Ca2SiO4,MgAl2O4,61,1418.0
Ca3(PO4)2,CaSiO3,17.4,1420.0
Al2O3,Y2(WO4)3,50,1420.0
Al2O3,Nb2O5,19,1422.0
Ga2O3,SrO,37,1425.0
MgSiO3,SrSiO3,79.2,1425.0
HfO2,WO2,24,1430.0
Nb2O5,NiO,72,1430.0
BaO,SiO2,41.7,1436.0
CaO,SiO2,38.6,1436.0
CaO,TiO2,11.8,1440.0
SrO,TiO2,22,1440.0
La2O3,TiO2,17.3,1445.0
SrF2,SrO,99.4,1447.0
CaO,Dy2O3,27,1450.0
Fe2O3,SnO2,71,1450.0
Fe3O4,SiO2,36.5,1450.0
Fe2O3,Gd2O3,85,1453.0
CaO,Ga2O3,32,1457.0
Ca7Al6ZrO16,MgO,22.4,1457.0
SrF2,Y2O3,96,1457.0
CaO,SiO2,56.7,1460.0
CaO,TiO2,20.2,1460.0
Fe2O3,Y2O3,86.4,1469.0
Fe2O3,Y2O3,87,1469.0
Fe2O3,Y2O3,86,1469.0
BeO,Gd2O3,46.6,1472.0
BaO,Ga2O3,29,1475.0
Cr2O3,Nb2O5,21,1475.0
B2O3,ThO2,19,1483.0
CaO,WO3,56.5,1490.0
CaO,Nb2O5,58.6,1492.0
Nb2O5,NiO,33,1495.0
CaO,Dy2O3,28,1500.0
Cr2O3,Fe2O3,27,1500.0
La2WO3,WO3,37,1500.0
HfO2,MgO,82,1500.0
CeO2,Fe3O4,38.7,1510.0
CeO2,TiO2,55,1510.0
MnS,MnSe,10,1510.0
CaAl2O4,Ca2Al2SiO7,70,1512.0
Al2O3,MnO,18,1520.0
Al2O3,MnO,18,1520.0
Ca2Al2SiO7,MgAl2O4,73.1,1527.0
CeO2,Mn3O4,38.7,1530.0
CaO,Nb2O5,70.9,1535.0
Ga2O3,SrO,60,1540.0
Ca2(PO4)2,SiO2,70.5,1540.0
CaAl4O7,Ca2Al2SiO7,33.7,1545.0
Gd2O3,TiO2,14,1545.0
Al2O3,SiO2,3,1547.0
EuO,SiO2,35,1550.0
P2O5,SrO,21,1560.0
Sc2O3,TiO2,12.5,1560.0
LaF3,La2S3,20,1560.0
BaO,TiO2,56.5,1563.0
BaO,TiO2,57.5,1563.0
Ga2O3,MgO,85,1570.0
MgO,Ta2O5,20,1575.0
SiO2,SmO,70,1575.0
KAlSiO4,Mg2SiO4,62.3,1575.0
CaO,P2O5,78,1580.0
Fe2O3,NiO,23,1580.0
B2O3,Sc2O3,42,1582.0
Al2O3,CaO,51.4,1590.0
Al2O3,SiO2,90.2,1590.0
BaO,WO3,90,1590.0
BaO,WO3,92,1590.0
P2O5,SrO,24,1590.0
Al2O3,SiO2,5,1595.0
CaAl2O4,CaAl4O7,49.6,1595.0
Al2O3,NaAlO2,21.1,1595.0
CoO,Fe23O4,71.6,1600.0
La2O3,NiO,31.2,1600.0
HfO2,Y2Si2O7,12.5,1600.0
MgO,TiO2,44,1600.0
Fe2O3,Ga2O3,40,1610.0
MgO,TiO2,20,1610.0
Ca2SiO4,MgAlCrO4,74.4,1615.0
CaF2,Ca3(PO4)2,10.8,1620.0
Ca2SiO4,MgFeCrO4,73.6,1620.0
SiO2,SmO,42.5,1625.0
La2O3,TiO2,66.5,1630.0
ThO2,TiO2,25,1630.0
LaF3,La2O3,20,1630.0
Nd2O3,SiO2,26,1635.0
Ti3O,Zr3O,85,1640.0
CaZrO3,MgAl2O4,54.3,1647.0
EuO,SiO2,55,1650.0
La2O3,NiO,63.8,1650.0
NiO,SiO2,55,1650.0
Ca(PO3)2,Na2O,29.4,1650.0
BeO,SiO2,14,1670.0
La2O3,TiO2,41.1,1675.0
Nd2O3,SiO2,65,1675.0
SiO2,ZrO2,98.5,1677.0
Cr2O3,SiO2,5,1680.0
Cr2O3,Nb2O5,70,1680.0
BaO,GeO2,64,1685.0
SiO2,ZrO2,98,1687.0
Al2O3,Ti2O3,55,1695.0
BaO,GeO2,70.7,1700.0
CaAl4O7,MgAl2O4,77.5,1700.0
Nd2O3,SiO2,45,1700.0
SiO2,ThO2,100,1700.0
Er2O3,GeO2,20,1700.0
SiO2,ZrO2,95,1705.0
Gd2O3,SiO2,26.4,1710.0
Ga2O3,MgO,26.5,1720.0
EuO,SiO2,85,1725.0
SiO2,SmO,17.5,1725.0
La2O3,Ta2O5,20,1740.0
Al2O3,Ce2O3,68,1750.0
Al2O3,FeO,55.6,1750.0
Al2O3,FeO,56.7,1750.0
Al2O3,Gd2O3,78,1750.0
Al2O3,Yb2O3,79.4,1750.0
La2O3,Ta2O5,27,1750.0
MgO,ZnO,41.5,1750.0
SiO2,ZrO2,95,1750.0
Ca2SiO4,Y4(SiO4)3,77.9,1750.0
Al2O3,La2O3,77.6,1760.0
Al2O3,Sm2O3,76,1760.0
Al2O3,Y2O3,76.9,1760.0
Cr2O3,SiO2,65,1760.0
Cr2O3,TiO2,4,1760.0
GeO2,SrO,12,1760.0
Ca2SiO4,Nd4(SiO4)3,80.3,1760.0
Al2O3,La2O3,79,1765.0
Al2O3,CeO2,54,1770.0
Al2O3,MnO,65.3,1770.0
Ba2SiO4,Ca2SiO4,37.2,1770.0
Ca2SiO4,La4(SiO4)3,78.5,1770.0
Al2O3,MnO,65,1770.0
Al2O3,CaO,67.4,1775.0
La2O3,Ta2O5,8,1775.0
CaTiO3,ZrO2,42.6,1777.0
Al2O3,Ce2O3,40,1780.0
Al2O3,Y2O3,79,1780.0
Al2O3,Sc2O3,66.6,1790.0
La2O3,Ta2O5,62,1800.0
SrO,TiO2,80,1800.0
Ca2GeO4,Ca2SiO4,64,1800.0
Ca2GeO4,Sr2GeO4,35,1800.0
La2O3,La2S3,20,1800.0
CaTiO3,Cr2O3,57.7,1807.0
Gd2O3,SiO2,65.7,1810.0
Al2O3,Sc2O3,44,1820.0
Al2O3,Sm2O3,72.9,1825.0
Al2O3,La2O3,76.2,1830.0
Al2O3,La2O3,76.25,1830.0
CaO,GeO2,70,1830.0
LaAlO3,MgAl2O4,38,1830.0
Ba2SiO4,Ca2SiO4,80.9,1830.0
Ca2SiO4,Sr2GeO4,20,1830.0
La2O3,La2S3,50,1830.0
Al2O3,BeO,42.4,1835.0
La2O3,Ta2O5,83,1835.0
MgAl2O4,NdAlO3,62,1835.0
CaO,TiO2,52.6,1840.0
GeO2,SrO,31,1840.0
Al2O3,SiO2,67,1840.0
Al2O3,SiO2,67.6,1840.0
Al2O3,SiO2,68,1840.0
Al2O3,BeO,60.1,1850.0
Al2O3,SiO2,68,1850.0
Al2O3,Sm2O3,26,1850.0
Al2O3,Yb2O3,49.1,1850.0
Al2O3,Y2O3,40,1850.0
Al2O3,Yb2O3,49.1,1850.0
Gd2O3,SiO2,45,1850.0
BeO,MgO,69,1860.0
Al2O3,Y2O3,57.1,1865.0
Al2O3,Y2O3,57.3,1865.0
Al2O3,La2O3,28.3,1875.0
Al2O3,La2O3,26.21,1875.0
Er2O3,GeO2,40,1875.0
Al2O3,BeO,82.3,1880.0
CaO,TiO2,60.5,1880.0
Cr2O3,TiO2,50,1880.0
Cr2O3,ZrO2,55,1880.0
SrO,TiO2,80,1880.0
Al2O3,Y2O3,60,1885.0
Al2O3,ZrO2,60,1885.0
BeO,CeO2,63,1890.0
Al2O3,Gd2O3,26,1900.0
Al2O3,UO2,74,1900.0
CaO,Y2O3,55-60,1900.0
Ce2O3,ZrO2,80,1900.0
Cr2O3,Eu2O3,18,1900.0
Gd2O3,HfO2,60,1900.0
Er2O3,GeO2,65,1900.0
Cr2O3,FeO,67.5,1900.0
CaO,La2O3,58,1920.0
La2O3,La2S3,80,1920.0
Al2O3,MgO,88.3,1925.0
Al2O3,Sm2O3,31.8,1925.0
Al2O3,Y2O3,19,1925.0
Al2O3,UO2,60,1930.0
Al2O3,Y2O3,28.1,1940.0
Al2O3,Y2O3,30.5,1940.0
SrO,ZrO2,3,1950.0
BeO,CeO2,57.5,1960.0
CaO,Sc2O3,43,1960.0
La2O3,MgO,60,1960.0
CaO,Ce2O3,50,1960.0
La2O3,MgO,55,1970.0
Dy2O3,SrO,30,1970.0
CaO,CeO2,53.8,1980.0
Cr2O3,Sm2O3,20,1980.0
Cr2O3,Sm2O3,20,1980.0
MgO,PuO2,43,1985.0
Al2O3,MgO,32.6,1995.0
Al2O3,MgO,35,2000.0
Al2O3,MgO,85,2000.0
CaO,TiO2,71,2000.0
La2O3,MgO,52,2000.0
La2O3,MgO,20,2000.0
La2O3,MgO,52,2000.0
La2O3,Sc2O3,76,2000.0
MgO,Sm2O3,50,2010.0
CaO,Sc2O3,26.5,2015.0
CaO,Yb2O3,47,2020.0
Cr2O3,Y2O3,28,2020.0
Cr2O3,Y2O3,28,2020.0
Al2O3,MgO,32.6,2030.0
Al2O3,MgO,33.5,2030.0
BeO,ZrO2,59,2045.0
CaO,Gd2O3,67,2050.0
Cr2O3,Eu2O3,84,2050.0
Cr2O3,La2O3,20,2050.0
Cr2O3,Sc2O3,63,2050.0
Cr2O3,Gd2O3,23,2060.0
Gd2O3,HfO2,90,2060.0
MgO,Y2O3,48,2060.0
CaO,SiO2,69.2,2065.0
Cr2O3,MgO,90,2070.0
Cr2O3,Y2O3,80,2070.0
MgO,ZrO2,49,2070.0
Cr2O3,La2O3,82,2080.0
Cr2O3,Sm2O3,84,2080.0
La2O3,ZrO2,64,2080.0
MgO,Sc2O3,44,2080.0
MgO,Y2O3,52,2080.0
MgO,Y2O3,52,2080.0
MgO,ZrO2,65,2080.0
Dy2O3,SrO,59.5,2080.0
Gd2O3,MgO,50,2080.0
SiO2,SrO,23,2080.0
Cr2O3,ZrO2,61,2087.0
Al2O3,ZrO2,49.7,2100.0
CaO,Gd2O3,16,2100.0
Cr2O3,Nd2O3,78,2100.0
La2O3,ZrO2,60,2100.0
MgO,UO2,75,2100.0
Nd2O3,ZrO2,76,2100.0
Sc2O3,Y2O3,55,2100.0
SrO,ZrO2,82.6,2100.0
Dy2O3,MgO,50,2100.0
BaO,SiO2,50,2100.0
La2O3,Sc2O3,26,2110.0
Cr2O3,Gd2O3,85,2120.0
Cr2O3,La2O3,22,2130.0
BeO,PuO2,66,2135.0
MgO,Sc2O3,54,2150.0
Sc2O3,MgO,46,2150.0
CaO,ZrO2,68,2150.0
SiO2,SrO,27,2150.0
BeO,ThO2,70,2155.0
Gd2O3,ZrO2,77.5,2157.0
BeO2,UO2,65,2160.0
HfO2,La2O3,35,2160.0
Gd2O3,ZrO2,86,2175.0
BeO,ThO2,79,2175.0
Ce2O3,Cr2O3,33,2185.0
HfO2,La2O3,75,2210.0
SrO,ZrO2,80,2215.0
Sc2O3,ThO2,83,2220.0
SiO2,ZrO2,42,2220.0
Cr2O3,La2O3,76,2230.0
CeO2,MgO,26,2235.0
Cr2O3,MgO,60,2235.0
Ce2O3,Cr2O3,68,2240.0
SiO2,ZrO2,57,2250.0
Dy2O3,SrO,70,2250.0
CeO2,Cr2O3,54,2260.0
SrO,ZrO2,27,2270.0
Sc2O3,UO2,82,2280.0
Cr2O3,MgO,40,2290.0
CaO,ZrO2,41,2295.0
CeO2,ZrO2,60,2300.0
SrO,ZrO2,25,2300.0
Y2O3,ZrO2,76,2330.0
Y2O3,ZrO2,83.1,2350.0
Cr2O3,MgO,65,2355.0
CaO,MgO,59.3,2370.0
CeO2,ZrO2,53,2390.0
UO2,UP,12.54,2390.0
Gd2O3,HfO2,26,2400.0
Mo,UN,78,2400.0
Sc2O3,ZrO2,52.2,2450.0
UO2,ZrO2,47.5,2550.0
UO2,ZrO2,50,2550.0
UN,W,100,2700.0
CsI,NaCNS,10.8,208.4
